review_id,predicted_sentiment,true_sentiment
1,0,0
2,1,1
3,1,1
4,0,0
5,0,0
6,1,1
7,1,1
8,0,0
9,1,1
10,1,1
11,1,1
12,1,0
13,1,1
14,0,0
15,0,0
16,1,1
17,0,0
18,1,1
19,1,0
20,0,0
21,1,1
22,1,1
23,0,0
24,1,1
25,1,1
26,0,1
27,0,1
28,1,1
29,0,0
30,0,0
31,0,0
32,0,0
33,1,1
34,1,1
35,0,1
36,1,1
37,1,0
38,0,0
39,0,0
40,0,0
41,0,0
42,0,0
43,0,0
44,1,1
45,1,1
46,1,1
47,1,1
48,0,0
49,1,1
50,0,0
51,0,0
52,1,0
53,0,0
54,1,1
55,0,0
56,1,1
57,1,1
58,1,1
59,1,0
60,0,0
61,0,0
62,1,1
63,0,0
64,1,0
65,0,0
66,0,0
67,0,0
68,1,1
69,0,1
70,0,0
71,0,1
72,0,0
73,0,0
74,1,1
75,0,0
76,1,1
77,0,0
78,1,1
79,1,1
80,1,1
81,1,1
82,0,0
83,1,0
84,0,0
85,1,1
86,0,0
87,0,0
88,0,0
89,1,1
90,0,0
91,1,1
92,1,1
93,0,0
94,1,0
95,1,1
96,0,0
97,1,1
98,0,0
99,1,1
100,0,1
101,1,0
102,1,1
103,1,1
104,0,1
105,0,0
106,0,0
107,1,1
108,1,1
109,1,1
110,1,1
111,0,0
112,1,1
113,0,0
114,1,1
115,0,0
116,0,0
117,1,1
118,0,0
119,0,0
120,1,1
121,0,0
122,0,0
123,1,1
124,0,0
125,0,0
126,0,0
127,0,0
128,0,0
129,0,0
130,1,1
131,0,0
132,0,0
133,0,0
134,1,1
135,0,0
136,1,1
137,0,0
138,1,1
139,0,0
140,1,1
141,1,1
142,0,0
143,0,0
144,0,1
145,0,0
146,1,0
147,1,1
148,0,0
149,1,1
150,0,1
151,0,0
152,1,1
153,0,0
154,0,0
155,1,0
156,0,0
157,1,1
158,0,0
159,1,0
160,0,0
161,0,0
162,1,1
163,0,0
164,1,1
165,0,0
166,0,0
167,0,1
168,1,1
169,1,1
170,1,1
171,0,0
172,0,0
173,0,0
174,0,0
175,1,1
176,1,1
177,1,1
178,0,1
179,1,1
180,1,1
181,0,0
182,0,0
183,1,1
184,1,0
185,0,0
186,0,0
187,1,1
188,1,1
189,0,0
190,1,1
191,0,0
192,0,0
193,1,0
194,0,0
195,1,1
196,1,1
197,1,1
198,0,0
199,1,1
200,1,1
201,1,1
202,1,1
203,0,0
204,1,1
205,1,1
206,1,1
207,1,1
208,1,1
209,1,1
210,1,1
211,0,0
212,1,1
213,1,1
214,1,1
215,0,0
216,1,1
217,1,1
218,1,1
219,0,0
220,1,1
221,1,1
222,0,0
223,0,0
224,1,1
225,0,0
226,0,0
227,0,1
228,0,0
229,0,0
230,1,1
231,0,0
232,0,0
233,1,1
234,0,0
235,1,0
236,1,1
237,0,0
238,0,0
239,1,1
240,0,0
241,0,0
242,1,1
243,0,0
244,1,1
245,0,1
246,0,1
247,1,1
248,0,0
249,1,1
250,0,0
251,1,0
252,1,1
253,0,0
254,0,0
255,1,1
256,1,1
257,0,1
258,0,0
259,1,1
260,0,0
261,0,0
262,1,1
263,0,0
264,1,1
265,0,0
266,0,0
267,0,0
268,1,1
269,1,0
270,1,1
271,0,0
272,1,1
273,1,1
274,0,0
275,0,0
276,0,0
277,1,1
278,0,0
279,1,1
280,1,1
281,0,1
282,1,1
283,0,0
284,0,0
285,0,0
286,0,0
287,1,1
288,1,1
289,1,1
290,0,0
291,0,0
292,0,0
293,0,0
294,1,1
295,1,1
296,1,1
297,0,0
298,1,1
299,1,1
300,1,1
301,0,0
302,1,1
303,0,0
304,1,1
305,1,0
306,1,1
307,1,1
308,0,0
309,0,1
310,1,1
311,1,0
312,1,1
313,1,1
314,1,0
315,1,1
316,0,0
317,0,0
318,0,0
319,1,1
320,0,0
321,1,1
322,1,1
323,1,1
324,1,1
325,0,0
326,0,0
327,0,0
328,1,0
329,1,1
330,1,1
331,0,0
332,1,1
333,1,1
334,0,0
335,0,0
336,1,1
337,1,0
338,1,1
339,0,0
340,0,0
341,0,1
342,1,1
343,0,0
344,0,0
345,1,1
346,1,1
347,0,0
348,1,1
349,1,1
350,0,0
351,0,0
352,0,0
353,1,1
354,1,0
355,1,1
356,1,1
357,1,1
358,1,1
359,1,0
360,0,0
361,1,1
362,0,0
363,0,0
364,1,1
365,1,1
366,1,1
367,0,0
368,1,1
369,1,1
370,1,1
371,1,1
372,1,0
373,1,1
374,0,0
375,0,0
376,0,0
377,0,0
378,1,1
379,0,0
380,1,1
381,1,0
382,1,1
383,1,1
384,0,0
385,0,1
386,1,1
387,0,0
388,0,0
389,1,1
390,1,1
391,0,0
392,0,0
393,0,0
394,0,0
395,1,1
396,0,0
397,1,1
398,0,0
399,0,0
400,1,1
401,1,0
402,1,1
403,1,1
404,1,1
405,0,1
406,0,0
407,0,0
408,1,0
409,1,0
410,0,0
411,1,1
412,1,0
413,0,0
414,0,0
415,1,1
416,1,1
417,0,0
418,0,0
419,1,1
420,0,0
421,1,1
422,1,1
423,1,0
424,0,0
425,1,1
426,1,1
427,1,1
428,1,1
429,1,1
430,1,1
431,0,0
432,1,1
433,0,0
434,1,1
435,1,1
436,0,0
437,1,1
438,0,0
439,1,1
440,0,0
441,1,1
442,0,0
443,0,0
444,0,0
445,0,0
446,1,1
447,1,1
448,1,1
449,0,0
450,1,1
451,0,1
452,0,0
453,1,0
454,1,1
455,1,1
456,1,1
457,0,0
458,1,0
459,0,1
460,0,1
461,1,1
462,0,0
463,1,1
464,0,0
465,0,0
466,1,1
467,0,0
468,1,1
469,1,1
470,1,0
471,0,0
472,0,0
473,0,0
474,0,1
475,0,0
476,0,0
477,1,1
478,1,1
479,1,1
480,0,0
481,0,0
482,0,0
483,0,0
484,0,0
485,1,1
486,0,0
487,1,0
488,0,0
489,0,0
490,0,0
491,1,1
492,0,0
493,1,0
494,0,0
495,1,1
496,1,1
497,1,1
498,1,0
499,1,1
500,1,1
501,1,1
502,0,0
503,0,0
504,0,0
505,0,0
506,0,0
507,1,1
508,1,1
509,0,0
510,0,0
511,1,0
512,1,1
513,0,0
514,0,0
515,1,1
516,1,1
517,1,1
518,1,1
519,1,1
520,1,1
521,0,0
522,1,1
523,0,0
524,0,0
525,0,0
526,1,1
527,0,0
528,0,0
529,1,1
530,0,0
531,1,1
532,0,0
533,0,0
534,1,1
535,1,1
536,1,1
537,0,0
538,0,0
539,1,1
540,1,1
541,1,1
542,0,0
543,0,0
544,0,0
545,1,1
546,1,1
547,1,1
548,0,0
549,1,1
550,1,0
551,1,1
552,1,0
553,1,1
554,1,1
555,1,0
556,1,1
557,0,0
558,1,1
559,1,1
560,0,0
561,1,1
562,0,0
563,1,1
564,1,1
565,1,1
566,0,0
567,0,0
568,1,1
569,0,0
570,1,1
571,1,1
572,0,0
573,1,1
574,1,1
575,1,1
576,0,0
577,0,0
578,0,1
579,1,1
580,0,0
581,0,1
582,0,0
583,1,1
584,1,1
585,0,0
586,0,0
587,0,0
588,1,1
589,0,0
590,1,1
591,1,1
592,1,1
593,0,0
594,1,1
595,1,1
596,0,0
597,1,0
598,0,0
599,0,0
600,0,0
601,1,0
602,1,1
603,0,0
604,1,1
605,0,0
606,0,0
607,1,1
608,1,1
609,1,1
610,0,0
611,0,0
612,1,1
613,0,0
614,1,1
615,0,0
616,1,1
617,0,0
618,1,1
619,0,0
620,1,1
621,1,1
622,0,0
623,1,1
624,1,0
625,1,1
626,1,1
627,1,1
628,1,1
629,0,0
630,0,0
631,0,0
632,0,0
633,1,1
634,1,0
635,1,1
636,1,1
637,0,0
638,0,0
639,1,1
640,1,1
641,1,0
642,0,0
643,0,0
644,1,1
645,0,0
646,1,1
647,0,0
648,1,1
649,0,0
650,0,0
651,1,1
652,1,1
653,1,1
654,0,0
655,0,0
656,0,0
657,1,1
658,0,0
659,1,1
660,0,0
661,0,0
662,1,1
663,1,1
664,1,1
665,0,0
666,1,1
667,0,1
668,0,0
669,1,1
670,0,0
671,1,1
672,1,1
673,0,1
674,0,0
675,0,0
676,0,0
677,1,1
678,0,0
679,1,1
680,1,1
681,0,0
682,0,0
683,0,0
684,0,0
685,0,0
686,0,0
687,1,1
688,1,1
689,1,1
690,0,0
691,1,1
692,1,1
693,0,0
694,0,0
695,0,0
696,0,0
697,1,1
698,0,0
699,1,1
700,0,0
701,1,1
702,0,0
703,1,1
704,0,0
705,0,0
706,0,0
707,0,0
708,0,0
709,0,0
710,1,0
711,0,0
712,0,0
713,1,1
714,1,1
715,0,0
716,0,0
717,1,1
718,1,1
719,0,0
720,1,1
721,0,0
722,1,1
723,1,1
724,1,1
725,1,1
726,1,1
727,0,0
728,1,0
729,0,0
730,0,0
731,1,1
732,1,1
733,0,0
734,0,0
735,0,0
736,1,0
737,0,1
738,1,0
739,1,1
740,0,1
741,1,1
742,1,1
743,1,0
744,0,0
745,1,1
746,1,1
747,1,1
748,1,1
749,0,0
750,1,1
751,1,1
752,0,0
753,1,1
754,0,0
755,0,0
756,1,1
757,0,0
758,1,1
759,1,1
760,1,1
761,0,0
762,0,0
763,1,1
764,0,1
765,1,1
766,0,0
767,0,0
768,1,1
769,1,1
770,0,0
771,0,0
772,0,0
773,0,0
774,1,1
775,1,1
776,1,1
777,1,1
778,1,1
779,0,1
780,0,0
781,0,0
782,1,1
783,0,0
784,1,1
785,0,0
786,1,1
787,0,0
788,1,1
789,0,0
790,1,0
791,1,1
792,1,1
793,1,1
794,1,1
795,0,0
796,0,0
797,0,0
798,1,1
799,1,1
800,0,0
801,1,0
802,1,1
803,1,1
804,1,1
805,1,1
806,1,1
807,1,1
808,0,0
809,0,0
810,0,0
811,0,0
812,0,0
813,0,0
814,0,0
815,1,0
816,1,1
817,0,0
818,1,1
819,1,0
820,0,0
821,0,0
822,1,1
823,0,0
824,0,0
825,0,0
826,0,0
827,1,1
828,1,1
829,0,0
830,0,0
831,0,0
832,1,1
833,1,1
834,1,0
835,0,0
836,0,0
837,1,1
838,0,0
839,0,0
840,1,1
841,1,1
842,0,0
843,1,1
844,1,1
845,1,1
846,1,1
847,0,0
848,1,1
849,0,0
850,0,0
851,0,0
852,1,0
853,1,1
854,0,0
855,0,0
856,1,1
857,0,0
858,1,1
859,0,1
860,1,0
861,1,1
862,0,0
863,0,0
864,0,0
865,1,1
866,0,0
867,0,1
868,0,0
869,1,1
870,0,1
871,0,0
872,1,1
873,1,1
874,1,1
875,1,1
876,0,0
877,0,0
878,1,1
879,1,1
880,1,1
881,1,1
882,1,1
883,1,1
884,1,1
885,1,1
886,0,0
887,0,0
888,0,1
889,1,1
890,1,0
891,0,0
892,1,1
893,0,0
894,1,1
895,0,0
896,1,0
897,0,0
898,1,1
899,0,1
900,1,0
901,0,0
902,0,0
903,1,1
904,1,1
905,1,1
906,0,0
907,0,0
908,0,0
909,1,0
910,0,0
911,1,1
912,1,0
913,0,0
914,0,0
915,0,0
916,0,0
917,0,0
918,1,1
919,1,0
920,1,1
921,1,1
922,1,1
923,0,0
924,0,1
925,0,0
926,0,0
927,1,1
928,0,0
929,0,0
930,0,1
931,1,0
932,1,1
933,1,1
934,1,0
935,1,1
936,1,1
937,1,1
938,1,1
939,1,1
940,1,0
941,0,0
942,1,1
943,1,1
944,0,0
945,1,1
946,0,0
947,0,0
948,0,0
949,0,0
950,1,1
951,0,0
952,1,1
953,1,1
954,1,1
955,0,0
956,0,0
957,1,0
958,0,0
959,1,1
960,1,1
961,0,0
962,0,0
963,0,0
964,1,1
965,0,0
966,1,1
967,1,1
968,0,0
969,0,0
970,0,0
971,0,0
972,1,1
973,1,1
974,0,0
975,1,1
976,1,1
977,0,0
978,0,0
979,1,1
980,1,1
981,0,0
982,1,1
983,0,0
984,0,0
985,1,1
986,0,0
987,0,0
988,1,1
989,1,1
990,1,0
991,0,0
992,1,1
993,1,1
994,1,1
995,1,1
996,1,1
997,0,0
998,0,1
999,1,1
1000,1,1
1001,1,1
1002,1,1
1003,0,0
1004,0,0
1005,1,1
1006,0,0
1007,1,1
1008,0,0
1009,1,0
1010,0,0
1011,1,1
1012,0,1
1013,0,0
1014,1,1
1015,1,1
1016,0,0
1017,0,0
1018,0,0
1019,1,1
1020,0,1
1021,1,1
1022,1,0
1023,1,1
1024,1,1
1025,1,1
1026,1,1
1027,1,1
1028,1,1
1029,1,1
1030,0,0
1031,0,0
1032,1,0
1033,0,0
1034,0,0
1035,0,0
1036,1,1
1037,1,0
1038,0,0
1039,1,1
1040,1,1
1041,0,0
1042,1,1
1043,1,1
1044,1,0
1045,1,1
1046,0,1
1047,0,0
1048,1,1
1049,0,0
1050,1,1
1051,0,0
1052,0,0
1053,0,0
1054,1,1
1055,1,1
1056,1,1
1057,0,0
1058,0,0
1059,1,0
1060,1,0
1061,1,1
1062,0,0
1063,0,0
1064,1,1
1065,0,0
1066,1,0
1067,1,0
1068,0,0
1069,1,0
1070,1,1
1071,1,1
1072,1,1
1073,0,0
1074,0,0
1075,0,0
1076,1,1
1077,0,0
1078,1,1
1079,1,1
1080,0,0
1081,1,1
1082,0,0
1083,0,0
1084,0,0
1085,0,0
1086,1,1
1087,1,1
1088,0,0
1089,0,0
1090,1,1
1091,1,1
1092,1,1
1093,1,1
1094,1,1
1095,1,1
1096,1,0
1097,1,1
1098,0,0
1099,1,1
1100,0,0
1101,1,0
1102,0,0
1103,0,0
1104,1,1
1105,1,1
1106,1,1
1107,0,0
1108,1,1
1109,1,1
1110,1,1
1111,0,0
1112,1,1
1113,1,1
1114,0,1
1115,1,1
1116,0,0
1117,1,1
1118,1,1
1119,1,1
1120,0,0
1121,0,0
1122,0,0
1123,0,0
1124,0,0
1125,0,0
1126,1,1
1127,0,0
1128,0,0
1129,1,0
1130,0,1
1131,0,0
1132,1,1
1133,1,0
1134,0,0
1135,1,1
1136,1,0
1137,0,0
1138,1,1
1139,1,1
1140,1,1
1141,1,1
1142,0,0
1143,1,1
1144,0,0
1145,1,1
1146,0,0
1147,1,1
1148,0,0
1149,0,0
1150,1,1
1151,1,1
1152,0,0
1153,1,1
1154,1,0
1155,0,0
1156,1,1
1157,1,1
1158,0,0
1159,1,1
1160,1,1
1161,0,1
1162,1,1
1163,0,0
1164,0,0
1165,1,0
1166,0,0
1167,1,1
1168,1,1
1169,1,1
1170,1,1
1171,0,0
1172,1,1
1173,1,1
1174,1,1
1175,0,0
1176,1,1
1177,1,0
1178,1,1
1179,0,0
1180,0,0
1181,0,1
1182,1,1
1183,1,1
1184,0,0
1185,1,1
1186,1,1
1187,0,0
1188,1,1
1189,0,0
1190,1,1
1191,0,0
1192,1,1
1193,0,0
1194,1,1
1195,0,0
1196,0,0
1197,1,1
1198,1,1
1199,0,0
1200,0,0
1201,1,1
1202,1,0
1203,1,1
1204,1,1
1205,0,0
1206,0,0
1207,1,1
1208,0,0
1209,0,0
1210,0,1
1211,1,1
1212,1,1
1213,1,1
1214,1,1
1215,1,1
1216,1,1
1217,1,1
1218,1,1
1219,0,0
1220,0,0
1221,1,1
1222,0,0
1223,1,0
1224,0,0
1225,1,1
1226,1,1
1227,0,1
1228,1,1
1229,1,1
1230,0,0
1231,1,1
1232,0,0
1233,1,1
1234,0,0
1235,1,1
1236,0,0
1237,1,1
1238,1,1
1239,0,0
1240,1,0
1241,0,0
1242,0,1
1243,1,1
1244,1,1
1245,0,0
1246,1,0
1247,1,1
1248,0,0
1249,1,1
1250,1,1
1251,1,0
1252,1,1
1253,1,1
1254,0,0
1255,0,0
1256,1,1
1257,0,0
1258,0,0
1259,0,0
1260,0,0
1261,0,0
1262,0,0
1263,0,0
1264,1,1
1265,1,0
1266,1,1
1267,0,0
1268,0,0
1269,0,0
1270,1,1
1271,0,0
1272,0,0
1273,0,0
1274,0,0
1275,1,0
1276,1,0
1277,1,1
1278,1,1
1279,0,0
1280,0,0
1281,0,0
1282,0,0
1283,0,0
1284,0,0
1285,1,1
1286,1,1
1287,0,0
1288,1,1
1289,1,1
1290,0,0
1291,1,1
1292,1,1
1293,0,0
1294,1,0
1295,1,1
1296,0,0
1297,1,1
1298,0,0
1299,0,0
1300,0,0
1301,0,0
1302,0,0
1303,1,1
1304,1,1
1305,1,1
1306,1,1
1307,0,0
1308,0,0
1309,0,0
1310,0,0
1311,0,0
1312,0,0
1313,0,0
1314,0,0
1315,1,0
1316,1,1
1317,1,1
1318,0,0
1319,1,1
1320,0,0
1321,1,1
1322,1,1
1323,1,1
1324,0,0
1325,0,0
1326,1,1
1327,1,1
1328,0,0
1329,1,1
1330,0,0
1331,0,0
1332,0,0
1333,1,1
1334,1,1
1335,1,1
1336,0,0
1337,0,0
1338,1,1
1339,0,0
1340,1,0
1341,1,0
1342,0,0
1343,1,1
1344,1,1
1345,1,0
1346,0,0
1347,1,1
1348,0,0
1349,1,1
1350,1,0
1351,1,1
1352,1,1
1353,0,0
1354,0,0
1355,0,0
1356,0,0
1357,1,1
1358,1,1
1359,1,1
1360,0,0
1361,1,1
1362,1,0
1363,0,0
1364,1,1
1365,1,1
1366,0,0
1367,0,0
1368,0,1
1369,1,1
1370,0,1
1371,0,0
1372,1,1
1373,1,1
1374,0,0
1375,0,0
1376,1,1
1377,1,1
1378,1,1
1379,1,1
1380,0,0
1381,0,0
1382,1,0
1383,0,1
1384,1,0
1385,1,1
1386,0,0
1387,0,0
1388,0,1
1389,1,1
1390,0,0
1391,0,0
1392,0,0
1393,0,1
1394,0,0
1395,0,0
1396,1,1
1397,0,0
1398,1,1
1399,0,0
1400,0,0
1401,0,0
1402,1,1
1403,0,0
1404,0,0
1405,1,0
1406,1,1
1407,1,1
1408,0,0
1409,0,0
1410,1,1
1411,1,1
1412,1,1
1413,1,1
1414,1,1
1415,0,0
1416,0,0
1417,1,1
1418,0,0
1419,1,1
1420,1,0
1421,0,0
1422,1,1
1423,0,0
1424,1,1
1425,1,0
1426,0,0
1427,0,0
1428,1,1
1429,1,1
1430,1,0
1431,1,1
1432,1,1
1433,1,1
1434,0,0
1435,0,0
1436,1,1
1437,0,0
1438,0,0
1439,1,1
1440,1,1
1441,1,0
1442,0,0
1443,1,1
1444,1,1
1445,1,1
1446,0,0
1447,0,0
1448,1,1
1449,0,0
1450,1,1
1451,1,1
1452,1,1
1453,1,1
1454,0,0
1455,1,1
1456,0,0
1457,1,1
1458,0,1
1459,1,1
1460,1,1
1461,1,1
1462,0,0
1463,1,1
1464,1,1
1465,1,0
1466,0,0
1467,1,0
1468,1,1
1469,0,0
1470,1,1
1471,1,1
1472,1,1
1473,1,1
1474,0,0
1475,0,0
1476,0,0
1477,0,0
1478,0,0
1479,0,0
1480,0,0
1481,0,1
1482,1,1
1483,1,1
1484,1,1
1485,0,0
1486,0,0
1487,0,0
1488,0,0
1489,1,1
1490,1,1
1491,1,1
1492,1,1
1493,1,0
1494,0,0
1495,1,0
1496,1,1
1497,1,0
1498,0,0
1499,0,0
1500,1,1
1501,0,0
1502,1,0
1503,1,1
1504,0,0
1505,1,1
1506,1,1
1507,0,0
1508,1,1
1509,1,1
1510,0,0
1511,1,1
1512,0,0
1513,0,0
1514,0,0
1515,1,1
1516,0,0
1517,1,1
1518,0,0
1519,0,1
1520,1,0
1521,0,0
1522,0,0
1523,1,1
1524,1,1
1525,0,0
1526,1,1
1527,0,0
1528,0,0
1529,1,1
1530,1,1
1531,0,0
1532,1,1
1533,0,0
1534,0,1
1535,1,1
1536,1,1
1537,1,0
1538,1,1
1539,1,1
1540,1,1
1541,0,0
1542,0,0
1543,1,1
1544,0,0
1545,0,0
1546,1,1
1547,0,0
1548,1,1
1549,0,0
1550,0,0
1551,1,1
1552,1,1
1553,0,0
1554,0,0
1555,1,1
1556,0,0
1557,1,1
1558,1,1
1559,0,0
1560,0,0
1561,1,1
1562,1,1
1563,0,0
1564,1,1
1565,1,1
1566,0,0
1567,1,0
1568,0,0
1569,0,1
1570,0,0
1571,0,0
1572,0,0
1573,0,1
1574,0,0
1575,0,0
1576,0,0
1577,0,0
1578,0,0
1579,1,1
1580,0,0
1581,0,0
1582,1,1
1583,0,0
1584,0,0
1585,0,0
1586,0,0
1587,0,0
1588,1,1
1589,1,0
1590,1,1
1591,0,0
1592,1,0
1593,1,1
1594,0,0
1595,0,1
1596,1,1
1597,1,1
1598,1,1
1599,0,0
1600,0,0
1601,0,0
1602,1,1
1603,0,0
1604,1,1
1605,0,0
1606,0,0
1607,1,1
1608,1,1
1609,1,1
1610,1,1
1611,0,0
1612,1,1
1613,1,1
1614,0,0
1615,1,1
1616,0,0
1617,0,0
1618,0,0
1619,1,1
1620,0,0
1621,0,0
1622,1,1
1623,0,0
1624,1,1
1625,0,0
1626,0,0
1627,1,1
1628,1,1
1629,1,1
1630,1,1
1631,1,0
1632,0,0
1633,0,0
1634,1,0
1635,1,1
1636,1,1
1637,0,0
1638,0,0
1639,1,1
1640,0,0
1641,0,0
1642,1,0
1643,1,1
1644,1,0
1645,1,1
1646,1,0
1647,1,1
1648,0,0
1649,0,0
1650,0,0
1651,0,0
1652,0,0
1653,0,0
1654,0,0
1655,0,0
1656,1,1
1657,0,0
1658,1,1
1659,0,0
1660,1,1
1661,0,0
1662,1,1
1663,1,1
1664,1,1
1665,1,0
1666,1,1
1667,1,1
1668,1,0
1669,1,1
1670,1,1
1671,1,1
1672,1,0
1673,1,1
1674,1,1
1675,1,1
1676,1,1
1677,1,0
1678,1,1
1679,0,0
1680,1,1
1681,1,1
1682,1,0
1683,0,0
1684,1,1
1685,1,1
1686,1,1
1687,0,0
1688,1,1
1689,1,1
1690,0,0
1691,0,1
1692,0,0
1693,0,0
1694,1,0
1695,1,1
1696,1,1
1697,1,1
1698,1,1
1699,0,0
1700,0,0
1701,1,0
1702,0,0
1703,0,0
1704,0,0
1705,1,1
1706,0,0
1707,1,1
1708,1,1
1709,1,1
1710,1,1
1711,0,1
1712,0,0
1713,1,1
1714,1,1
1715,0,0
1716,1,1
1717,1,1
1718,0,0
1719,0,0
1720,1,1
1721,1,1
1722,1,1
1723,0,0
1724,1,1
1725,1,1
1726,1,1
1727,0,0
1728,0,0
1729,1,0
1730,0,1
1731,1,1
1732,1,1
1733,0,0
1734,1,1
1735,0,0
1736,0,0
1737,1,1
1738,0,0
1739,0,0
1740,1,1
1741,1,1
1742,0,0
1743,0,0
1744,1,1
1745,1,1
1746,0,0
1747,1,0
1748,0,0
1749,1,1
1750,0,0
1751,0,0
1752,0,0
1753,0,0
1754,1,0
1755,0,0
1756,1,1
1757,1,1
1758,0,0
1759,1,1
1760,0,0
1761,0,0
1762,1,1
1763,1,1
1764,0,0
1765,0,0
1766,0,0
1767,1,0
1768,1,1
1769,1,1
1770,0,0
1771,1,1
1772,1,0
1773,1,0
1774,1,1
1775,1,0
1776,0,0
1777,1,1
1778,1,1
1779,1,1
1780,0,0
1781,0,0
1782,1,1
1783,1,1
1784,0,0
1785,0,0
1786,1,1
1787,0,0
1788,1,1
1789,0,0
1790,1,1
1791,0,0
1792,1,1
1793,1,1
1794,0,0
1795,0,0
1796,0,0
1797,1,1
1798,0,0
1799,1,1
1800,1,1
1801,1,1
1802,1,1
1803,1,0
1804,0,0
1805,1,0
1806,1,1
1807,0,0
1808,0,0
1809,0,0
1810,0,0
1811,0,0
1812,1,1
1813,1,1
1814,0,0
1815,0,0
1816,1,0
1817,0,0
1818,1,1
1819,1,1
1820,0,0
1821,1,0
1822,1,1
1823,0,0
1824,0,0
1825,1,0
1826,1,1
1827,0,0
1828,0,0
1829,1,1
1830,0,0
1831,0,1
1832,0,0
1833,0,0
1834,0,0
1835,1,1
1836,1,1
1837,0,0
1838,1,1
1839,1,1
1840,1,1
1841,0,0
1842,0,0
1843,1,1
1844,0,1
1845,0,1
1846,1,1
1847,0,1
1848,0,0
1849,0,0
1850,0,1
1851,1,0
1852,1,1
1853,1,0
1854,1,1
1855,1,1
1856,1,1
1857,1,1
1858,0,0
1859,1,1
1860,1,1
1861,0,1
1862,1,0
1863,1,1
1864,1,1
1865,1,1
1866,1,1
1867,1,1
1868,1,1
1869,1,1
1870,1,1
1871,1,1
1872,0,0
1873,1,0
1874,1,1
1875,1,1
1876,0,0
1877,0,0
1878,0,0
1879,1,1
1880,0,0
1881,1,1
1882,1,1
1883,1,1
1884,0,0
1885,1,1
1886,0,0
1887,0,0
1888,1,1
1889,0,0
1890,1,1
1891,1,0
1892,0,0
1893,1,1
1894,0,0
1895,0,0
1896,1,0
1897,0,0
1898,0,0
1899,0,0
1900,0,0
1901,1,1
1902,1,1
1903,1,0
1904,0,0
1905,0,0
1906,0,0
1907,1,0
1908,0,1
1909,1,1
1910,0,0
1911,1,1
1912,0,0
1913,1,1
1914,1,1
1915,0,0
1916,0,0
1917,1,1
1918,0,1
1919,1,1
1920,1,0
1921,0,0
1922,0,0
1923,0,0
1924,0,0
1925,1,1
1926,1,1
1927,0,0
1928,0,0
1929,1,1
1930,1,1
1931,0,0
1932,0,0
1933,1,1
1934,0,0
1935,1,1
1936,1,1
1937,1,1
1938,0,0
1939,1,1
1940,0,0
1941,1,1
1942,1,1
1943,1,1
1944,0,0
1945,1,1
1946,0,0
1947,1,1
1948,0,0
1949,0,0
1950,1,1
1951,0,0
1952,1,0
1953,1,1
1954,0,0
1955,1,0
1956,0,0
1957,0,1
1958,1,0
1959,1,1
1960,0,0
1961,0,0
1962,1,1
1963,0,0
1964,0,0
1965,0,0
1966,1,1
1967,1,1
1968,1,1
1969,0,0
1970,1,1
1971,1,0
1972,0,0
1973,1,1
1974,1,1
1975,0,0
1976,0,0
1977,0,0
1978,1,1
1979,0,0
1980,0,0
1981,0,0
1982,1,1
1983,0,0
1984,1,1
1985,1,1
1986,0,0
1987,1,1
1988,1,0
1989,1,1
1990,0,0
1991,0,0
1992,1,1
1993,0,0
1994,1,1
1995,1,1
1996,0,0
1997,1,0
1998,1,1
1999,1,0
2000,1,0
2001,1,1
2002,1,0
2003,1,1
2004,0,0
2005,0,0
2006,0,0
2007,1,1
2008,0,0
2009,0,1
2010,0,0
2011,1,1
2012,0,0
2013,1,1
2014,1,1
2015,1,1
2016,0,0
2017,1,1
2018,1,1
2019,0,0
2020,0,0
2021,0,1
2022,1,0
2023,0,0
2024,1,1
2025,0,0
2026,1,0
2027,1,1
2028,1,1
2029,1,1
2030,1,1
2031,1,0
2032,0,0
2033,1,1
2034,0,0
2035,0,0
2036,0,0
2037,0,0
2038,1,1
2039,1,0
2040,1,1
2041,0,0
2042,0,0
2043,0,0
2044,1,1
2045,1,1
2046,0,0
2047,0,0
2048,1,1
2049,1,1
2050,0,0
2051,1,0
2052,0,0
2053,0,0
2054,1,1
2055,0,0
2056,1,1
2057,0,1
2058,0,0
2059,0,0
2060,0,1
2061,0,0
2062,1,0
2063,1,1
2064,1,1
2065,1,1
2066,0,0
2067,1,0
2068,0,0
2069,0,0
2070,1,1
2071,1,1
2072,0,0
2073,0,0
2074,1,1
2075,0,0
2076,0,0
2077,1,1
2078,1,1
2079,0,0
2080,1,1
2081,1,1
2082,1,1
2083,1,1
2084,1,1
2085,0,0
2086,0,0
2087,1,0
2088,1,1
2089,1,0
2090,1,1
2091,1,1
2092,0,1
2093,0,0
2094,0,0
2095,0,0
2096,1,1
2097,0,0
2098,0,0
2099,0,0
2100,0,0
2101,1,1
2102,0,0
2103,1,0
2104,0,0
2105,0,0
2106,1,1
2107,1,1
2108,0,0
2109,0,0
2110,0,0
2111,1,1
2112,1,1
2113,0,0
2114,0,0
2115,0,0
2116,1,1
2117,0,0
2118,1,1
2119,0,0
2120,1,1
2121,1,1
2122,1,1
2123,0,0
2124,1,1
2125,1,1
2126,0,0
2127,0,0
2128,1,1
2129,1,1
2130,1,1
2131,1,1
2132,1,1
2133,0,0
2134,1,1
2135,0,0
2136,1,1
2137,1,1
2138,0,0
2139,1,1
2140,0,0
2141,0,0
2142,1,1
2143,0,0
2144,1,0
2145,0,0
2146,1,1
2147,1,1
2148,0,0
2149,1,1
2150,1,1
2151,1,1
2152,0,0
2153,1,1
2154,0,0
2155,0,0
2156,0,0
2157,0,0
2158,1,0
2159,0,0
2160,1,1
2161,1,1
2162,0,0
2163,1,1
2164,1,1
2165,0,0
2166,0,0
2167,1,0
2168,0,0
2169,1,1
2170,1,1
2171,1,1
2172,0,0
2173,1,1
2174,1,1
2175,0,1
2176,0,0
2177,1,1
2178,0,0
2179,0,0
2180,1,1
2181,1,1
2182,1,1
2183,0,0
2184,1,1
2185,1,1
2186,1,1
2187,1,1
2188,1,1
2189,0,0
2190,1,0
2191,1,1
2192,0,0
2193,0,0
2194,0,0
2195,1,1
2196,0,1
2197,1,1
2198,1,1
2199,0,0
2200,1,1
2201,1,1
2202,0,0
2203,0,0
2204,0,0
2205,0,0
2206,1,0
2207,0,0
2208,1,1
2209,0,0
2210,0,0
2211,0,0
2212,1,1
2213,0,0
2214,1,1
2215,0,0
2216,0,0
2217,0,0
2218,1,1
2219,0,0
2220,0,0
2221,1,1
2222,1,1
2223,1,1
2224,0,0
2225,0,0
2226,1,1
2227,1,1
2228,1,0
2229,0,0
2230,1,1
2231,1,1
2232,1,1
2233,0,0
2234,0,0
2235,1,1
2236,0,0
2237,1,1
2238,0,0
2239,1,1
2240,1,0
2241,0,0
2242,1,1
2243,1,1
2244,0,0
2245,1,1
2246,0,0
2247,0,0
2248,1,1
2249,0,0
2250,1,1
2251,1,0
2252,0,0
2253,1,1
2254,1,0
2255,1,1
2256,1,1
2257,1,1
2258,0,0
2259,1,1
2260,0,0
2261,0,0
2262,1,1
2263,0,0
2264,0,0
2265,0,1
2266,1,0
2267,1,1
2268,0,0
2269,1,1
2270,1,1
2271,0,0
2272,0,1
2273,0,0
2274,0,0
2275,1,1
2276,0,0
2277,1,1
2278,1,1
2279,0,0
2280,0,0
2281,1,1
2282,1,0
2283,1,1
2284,0,0
2285,1,1
2286,0,0
2287,0,0
2288,1,0
2289,0,0
2290,0,0
2291,0,1
2292,1,1
2293,1,1
2294,1,1
2295,1,1
2296,1,1
2297,1,1
2298,0,0
2299,0,0
2300,0,0
2301,1,1
2302,1,1
2303,1,1
2304,1,1
2305,0,1
2306,1,1
2307,1,1
2308,1,1
2309,0,0
2310,0,0
2311,1,1
2312,1,1
2313,1,1
2314,0,1
2315,1,1
2316,1,1
2317,1,1
2318,1,1
2319,1,1
2320,1,1
2321,0,1
2322,0,0
2323,1,1
2324,1,1
2325,1,1
2326,1,1
2327,0,0
2328,1,1
2329,1,1
2330,0,0
2331,1,1
2332,0,0
2333,1,1
2334,0,0
2335,0,0
2336,1,1
2337,0,1
2338,0,1
2339,0,0
2340,1,0
2341,1,1
2342,0,0
2343,1,1
2344,0,0
2345,0,0
2346,1,1
2347,1,1
2348,1,1
2349,0,0
2350,1,1
2351,0,0
2352,1,1
2353,1,1
2354,0,0
2355,1,1
2356,1,1
2357,1,0
2358,0,0
2359,1,1
2360,0,1
2361,0,0
2362,0,0
2363,1,1
2364,0,0
2365,0,1
2366,1,1
2367,1,1
2368,1,1
2369,1,1
2370,0,1
2371,0,0
2372,1,1
2373,0,0
2374,1,1
2375,0,0
2376,0,0
2377,1,1
2378,0,0
2379,0,0
2380,0,0
2381,1,0
2382,1,0
2383,0,0
2384,1,1
2385,1,1
2386,0,0
2387,1,1
2388,1,1
2389,1,1
2390,0,0
2391,1,1
2392,0,1
2393,0,0
2394,0,0
2395,0,0
2396,1,1
2397,1,1
2398,1,1
2399,0,0
2400,1,0
2401,1,1
2402,0,0
2403,1,1
2404,1,1
2405,1,1
2406,0,0
2407,0,0
2408,1,1
2409,0,0
2410,1,1
2411,1,1
2412,0,0
2413,1,0
2414,0,0
2415,1,0
2416,1,1
2417,0,0
2418,1,1
2419,1,1
2420,1,1
2421,1,1
2422,0,0
2423,1,1
2424,0,0
2425,0,0
2426,0,0
2427,1,1
2428,0,0
2429,0,0
2430,1,1
2431,0,0
2432,1,1
2433,1,1
2434,0,1
2435,0,0
2436,1,1
2437,0,0
2438,1,1
2439,1,0
2440,0,0
2441,1,1
2442,1,1
2443,1,1
2444,1,1
2445,0,0
2446,1,0
2447,0,0
2448,0,0
2449,0,0
2450,1,1
2451,1,1
2452,0,0
2453,1,1
2454,0,0
2455,1,1
2456,0,0
2457,0,0
2458,1,0
2459,1,1
2460,1,0
2461,1,1
2462,1,1
2463,0,0
2464,1,1
2465,0,0
2466,0,0
2467,1,1
2468,1,1
2469,1,1
2470,1,0
2471,0,0
2472,1,1
2473,1,1
2474,0,0
2475,0,0
2476,0,0
2477,1,1
2478,0,0
2479,0,1
2480,1,1
2481,1,1
2482,1,1
2483,0,0
2484,1,0
2485,0,0
2486,1,1
2487,1,1
2488,1,1
2489,0,0
2490,1,1
2491,0,1
2492,0,0
2493,1,0
2494,1,1
2495,1,1
2496,1,1
2497,1,1
2498,1,1
2499,1,0
2500,1,1
2501,0,0
2502,0,0
2503,1,0
2504,0,0
2505,1,1
2506,0,0
2507,1,1
2508,0,0
2509,1,0
2510,1,1
2511,1,1
2512,0,0
2513,1,1
2514,0,0
2515,0,0
2516,0,1
2517,0,0
2518,0,0
2519,0,0
2520,0,0
2521,0,0
2522,1,1
2523,1,1
2524,1,1
2525,1,1
2526,0,0
2527,1,0
2528,1,1
2529,1,1
2530,0,0
2531,0,0
2532,1,1
2533,0,0
2534,0,0
2535,0,0
2536,1,0
2537,1,1
2538,0,0
2539,0,0
2540,0,0
2541,0,0
2542,1,1
2543,0,0
2544,1,1
2545,1,1
2546,0,1
2547,0,0
2548,1,0
2549,0,0
2550,1,1
2551,0,0
2552,1,1
2553,0,0
2554,1,1
2555,0,0
2556,1,1
2557,1,1
2558,1,1
2559,0,0
2560,0,0
2561,0,1
2562,1,1
2563,1,1
2564,1,1
2565,0,0
2566,0,0
2567,0,0
2568,1,1
2569,0,0
2570,1,1
2571,0,0
2572,0,0
2573,0,0
2574,0,0
2575,0,0
2576,1,1
2577,0,0
2578,0,0
2579,0,0
2580,0,0
2581,0,1
2582,1,1
2583,1,1
2584,1,1
2585,0,0
2586,0,0
2587,0,0
2588,0,0
2589,0,0
2590,1,1
2591,0,1
2592,1,1
2593,1,1
2594,0,0
2595,1,1
2596,1,1
2597,1,1
2598,0,1
2599,0,0
2600,0,0
2601,1,1
2602,1,1
2603,1,1
2604,0,0
2605,1,1
2606,0,0
2607,1,1
2608,1,1
2609,1,1
2610,1,1
2611,1,1
2612,0,0
2613,1,0
2614,1,1
2615,0,0
2616,0,0
2617,1,1
2618,1,1
2619,1,1
2620,1,1
2621,0,1
2622,0,0
2623,0,0
2624,1,1
2625,0,0
2626,0,0
2627,1,0
2628,0,0
2629,1,1
2630,0,0
2631,0,0
2632,1,1
2633,0,0
2634,0,0
2635,0,1
2636,0,0
2637,1,1
2638,0,0
2639,1,1
2640,0,0
2641,0,0
2642,0,0
2643,1,1
2644,1,1
2645,0,0
2646,1,1
2647,1,1
2648,1,1
2649,0,0
2650,1,1
2651,1,1
2652,1,0
2653,0,0
2654,1,1
2655,1,1
2656,1,1
2657,0,0
2658,0,0
2659,0,0
2660,0,0
2661,1,1
2662,0,0
2663,1,1
2664,0,0
2665,0,0
2666,1,1
2667,1,1
2668,0,0
2669,1,1
2670,1,1
2671,1,1
2672,1,1
2673,1,1
2674,1,1
2675,1,1
2676,1,1
2677,0,0
2678,1,1
2679,0,0
2680,1,1
2681,1,1
2682,0,0
2683,0,0
2684,0,0
2685,0,0
2686,0,0
2687,1,1
2688,1,1
2689,1,1
2690,1,1
2691,1,1
2692,1,1
2693,0,1
2694,1,1
2695,1,1
2696,1,0
2697,0,0
2698,0,0
2699,1,0
2700,1,1
2701,0,0
2702,1,1
2703,1,1
2704,0,0
2705,0,0
2706,1,1
2707,0,0
2708,0,0
2709,0,0
2710,1,1
2711,0,0
2712,0,0
2713,1,1
2714,0,0
2715,0,0
2716,1,1
2717,0,0
2718,1,0
2719,1,1
2720,1,0
2721,1,1
2722,1,0
2723,1,1
2724,1,1
2725,1,0
2726,1,1
2727,1,1
2728,0,0
2729,1,0
2730,1,1
2731,0,0
2732,1,1
2733,0,0
2734,1,0
2735,0,0
2736,1,1
2737,1,0
2738,0,0
2739,1,1
2740,1,1
2741,0,0
2742,1,1
2743,1,1
2744,1,1
2745,1,0
2746,1,1
2747,0,0
2748,1,0
2749,0,0
2750,1,1
2751,0,0
2752,1,1
2753,0,0
2754,0,0
2755,0,0
2756,1,1
2757,1,1
2758,0,0
2759,0,0
2760,1,0
2761,1,1
2762,0,0
2763,0,0
2764,1,1
2765,0,0
2766,1,1
2767,0,1
2768,1,1
2769,0,0
2770,0,0
2771,0,0
2772,1,0
2773,0,0
2774,1,1
2775,1,1
2776,0,0
2777,1,1
2778,1,1
2779,0,1
2780,0,0
2781,0,0
2782,1,1
2783,0,0
2784,1,1
2785,0,0
2786,0,0
2787,0,0
2788,0,0
2789,0,0
2790,1,1
2791,1,1
2792,1,0
2793,1,1
2794,1,1
2795,0,1
2796,0,0
2797,1,1
2798,0,0
2799,1,1
2800,1,1
2801,1,0
2802,0,0
2803,1,1
2804,0,0
2805,1,1
2806,1,1
2807,0,0
2808,0,0
2809,1,1
2810,0,0
2811,0,0
2812,1,1
2813,1,1
2814,0,0
2815,0,0
2816,0,0
2817,0,0
2818,1,1
2819,1,1
2820,1,1
2821,1,1
2822,0,0
2823,0,0
2824,1,1
2825,1,1
2826,1,0
2827,1,1
2828,1,1
2829,1,0
2830,1,1
2831,1,1
2832,0,0
2833,0,0
2834,1,1
2835,1,1
2836,0,0
2837,1,0
2838,1,1
2839,0,1
2840,0,0
2841,1,1
2842,0,0
2843,1,0
2844,1,1
2845,0,0
2846,0,0
2847,0,0
2848,1,1
2849,0,0
2850,1,1
2851,1,1
2852,1,1
2853,1,1
2854,1,1
2855,1,0
2856,1,1
2857,1,1
2858,1,1
2859,0,0
2860,1,1
2861,1,1
2862,1,1
2863,0,0
2864,1,1
2865,1,1
2866,0,0
2867,1,1
2868,0,0
2869,0,0
2870,1,1
2871,1,1
2872,0,0
2873,0,0
2874,0,0
2875,1,1
2876,0,0
2877,1,1
2878,0,0
2879,1,1
2880,1,1
2881,1,1
2882,1,1
2883,0,0
2884,0,0
2885,0,0
2886,1,1
2887,0,1
2888,0,0
2889,0,0
2890,1,1
2891,0,0
2892,1,1
2893,0,0
2894,0,1
2895,1,1
2896,1,1
2897,0,0
2898,1,1
2899,0,0
2900,1,1
2901,0,0
2902,1,1
2903,1,1
2904,1,1
2905,1,1
2906,1,1
2907,1,1
2908,1,1
2909,0,0
2910,0,0
2911,1,1
2912,1,1
2913,1,1
2914,1,1
2915,0,0
2916,0,0
2917,1,1
2918,0,0
2919,1,1
2920,0,0
2921,1,0
2922,0,0
2923,1,0
2924,0,0
2925,0,0
2926,0,0
2927,1,1
2928,0,0
2929,0,0
2930,1,1
2931,0,0
2932,0,0
2933,0,0
2934,0,0
2935,1,0
2936,1,1
2937,1,1
2938,0,0
2939,0,0
2940,1,1
2941,0,0
2942,0,0
2943,1,1
2944,0,0
2945,0,0
2946,0,0
2947,0,0
2948,1,1
2949,0,0
2950,1,1
2951,1,1
2952,1,1
2953,1,1
2954,0,0
2955,1,1
2956,1,1
2957,1,1
2958,0,0
2959,1,1
2960,0,0
2961,1,1
2962,1,1
2963,0,0
2964,0,0
2965,1,1
2966,1,1
2967,0,0
2968,1,1
2969,1,1
2970,1,1
2971,1,0
2972,0,0
2973,0,0
2974,0,0
2975,1,1
2976,0,0
2977,1,1
2978,1,0
2979,0,0
2980,1,1
2981,1,1
2982,1,1
2983,1,1
2984,1,1
2985,0,1
2986,1,1
2987,1,0
2988,0,0
2989,0,0
2990,1,1
2991,0,1
2992,1,1
2993,0,0
2994,1,1
2995,1,1
2996,0,0
2997,1,1
2998,0,0
2999,1,1
3000,1,1
3001,1,1
3002,0,0
3003,1,1
3004,0,0
3005,1,0
3006,0,0
3007,1,1
3008,1,1
3009,0,0
3010,1,1
3011,1,1
3012,1,1
3013,0,0
3014,1,1
3015,1,0
3016,0,0
3017,1,1
3018,0,0
3019,1,1
3020,0,0
3021,1,0
3022,1,0
3023,1,0
3024,0,0
3025,0,0
3026,0,0
3027,1,0
3028,1,0
3029,1,1
3030,1,1
3031,0,0
3032,1,1
3033,0,0
3034,0,0
3035,0,0
3036,0,0
3037,1,1
3038,0,0
3039,0,0
3040,0,0
3041,0,1
3042,0,0
3043,0,0
3044,1,1
3045,1,1
3046,0,0
3047,0,1
3048,0,0
3049,0,0
3050,1,1
3051,0,0
3052,0,0
3053,1,1
3054,0,0
3055,1,1
3056,1,1
3057,1,1
3058,1,1
3059,1,1
3060,0,0
3061,1,0
3062,0,0
3063,1,1
3064,0,0
3065,0,0
3066,1,1
3067,1,1
3068,1,0
3069,0,0
3070,1,1
3071,1,1
3072,0,1
3073,1,1
3074,1,1
3075,1,1
3076,1,1
3077,0,0
3078,0,0
3079,0,0
3080,0,0
3081,1,1
3082,1,1
3083,1,1
3084,1,1
3085,0,0
3086,0,0
3087,0,1
3088,0,0
3089,1,1
3090,1,1
3091,1,1
3092,1,0
3093,1,1
3094,1,1
3095,1,1
3096,1,1
3097,0,0
3098,1,1
3099,1,1
3100,1,1
3101,0,0
3102,1,1
3103,1,1
3104,0,0
3105,0,0
3106,1,1
3107,1,1
3108,0,0
3109,1,1
3110,1,1
3111,0,0
3112,1,0
3113,0,0
3114,0,0
3115,1,1
3116,0,0
3117,1,0
3118,0,0
3119,0,0
3120,1,1
3121,1,1
3122,0,0
3123,0,0
3124,0,0
3125,0,0
3126,1,0
3127,0,1
3128,1,1
3129,0,0
3130,0,0
3131,1,1
3132,1,1
3133,0,0
3134,0,0
3135,0,0
3136,0,0
3137,1,1
3138,0,0
3139,1,0
3140,0,0
3141,1,1
3142,1,1
3143,1,1
3144,0,0
3145,1,1
3146,1,1
3147,1,1
3148,0,0
3149,0,0
3150,0,0
3151,0,0
3152,1,1
3153,0,1
3154,1,1
3155,1,1
3156,0,0
3157,1,1
3158,1,1
3159,0,0
3160,0,0
3161,1,0
3162,0,0
3163,1,1
3164,0,0
3165,0,0
3166,1,1
3167,1,0
3168,1,0
3169,0,0
3170,1,1
3171,0,0
3172,0,0
3173,1,1
3174,1,0
3175,0,0
3176,0,0
3177,1,1
3178,1,0
3179,1,1
3180,1,1
3181,0,0
3182,1,1
3183,1,1
3184,1,1
3185,1,1
3186,1,1
3187,1,1
3188,0,0
3189,1,1
3190,1,1
3191,0,0
3192,0,0
3193,0,0
3194,1,1
3195,1,1
3196,1,0
3197,1,1
3198,1,1
3199,1,0
3200,1,1
3201,1,1
3202,0,0
3203,0,0
3204,1,1
3205,1,1
3206,1,1
3207,1,1
3208,0,0
3209,1,1
3210,1,0
3211,0,0
3212,1,0
3213,0,0
3214,0,0
3215,1,1
3216,1,1
3217,1,1
3218,0,0
3219,1,1
3220,1,1
3221,1,1
3222,1,1
3223,1,1
3224,0,1
3225,1,1
3226,1,1
3227,1,1
3228,1,1
3229,0,0
3230,0,0
3231,1,1
3232,1,1
3233,1,1
3234,0,0
3235,0,0
3236,0,0
3237,1,1
3238,0,0
3239,1,1
3240,1,1
3241,1,1
3242,0,0
3243,0,0
3244,0,0
3245,0,0
3246,1,1
3247,0,1
3248,1,1
3249,1,0
3250,0,0
3251,0,0
3252,0,0
3253,1,1
3254,0,0
3255,1,1
3256,1,1
3257,0,0
3258,1,1
3259,0,0
3260,1,1
3261,0,0
3262,1,1
3263,0,0
3264,0,0
3265,0,0
3266,1,0
3267,0,0
3268,0,0
3269,0,0
3270,1,1
3271,0,0
3272,0,1
3273,1,1
3274,1,1
3275,0,0
3276,1,0
3277,0,0
3278,1,1
3279,0,0
3280,0,0
3281,1,1
3282,1,1
3283,0,0
3284,0,0
3285,1,1
3286,0,1
3287,0,0
3288,1,1
3289,1,1
3290,0,0
3291,1,0
3292,0,0
3293,0,0
3294,1,1
3295,0,0
3296,1,1
3297,1,0
3298,0,0
3299,0,0
3300,0,0
3301,1,1
3302,1,1
3303,0,0
3304,1,1
3305,1,1
3306,1,1
3307,1,1
3308,0,0
3309,1,0
3310,0,0
3311,1,1
3312,1,1
3313,0,0
3314,1,1
3315,0,0
3316,1,1
3317,1,1
3318,1,1
3319,1,0
3320,0,0
3321,1,1
3322,1,0
3323,1,1
3324,1,1
3325,1,1
3326,0,0
3327,1,0
3328,1,1
3329,0,0
3330,1,1
3331,1,0
3332,1,1
3333,1,1
3334,1,1
3335,1,1
3336,1,1
3337,1,1
3338,1,1
3339,1,1
3340,1,1
3341,0,0
3342,1,1
3343,1,1
3344,1,1
3345,0,0
3346,1,1
3347,1,1
3348,1,1
3349,0,0
3350,1,1
3351,0,0
3352,0,0
3353,1,1
3354,1,1
3355,1,1
3356,1,1
3357,1,1
3358,0,0
3359,1,1
3360,1,1
3361,1,1
3362,1,1
3363,0,0
3364,0,0
3365,0,0
3366,0,0
3367,0,0
3368,1,1
3369,1,1
3370,0,0
3371,0,0
3372,1,0
3373,1,1
3374,0,0
3375,0,0
3376,0,0
3377,1,1
3378,0,0
3379,0,0
3380,0,0
3381,1,1
3382,1,1
3383,0,0
3384,0,0
3385,0,0
3386,1,1
3387,1,1
3388,1,1
3389,1,1
3390,0,0
3391,1,1
3392,1,1
3393,1,0
3394,1,1
3395,0,0
3396,1,1
3397,0,0
3398,1,1
3399,1,1
3400,0,0
3401,0,0
3402,0,0
3403,0,0
3404,0,0
3405,0,0
3406,1,1
3407,0,1
3408,0,0
3409,0,0
3410,1,1
3411,0,0
3412,1,1
3413,0,0
3414,0,0
3415,0,0
3416,0,0
3417,1,1
3418,1,1
3419,1,1
3420,1,0
3421,1,1
3422,0,0
3423,0,0
3424,0,0
3425,0,0
3426,1,1
3427,1,1
3428,1,1
3429,1,1
3430,0,0
3431,1,1
3432,0,0
3433,0,0
3434,1,1
3435,0,0
3436,1,1
3437,0,1
3438,1,1
3439,1,0
3440,0,1
3441,0,0
3442,1,1
3443,0,0
3444,1,1
3445,1,1
3446,0,0
3447,0,0
3448,0,0
3449,1,1
3450,0,0
3451,1,1
3452,0,0
3453,0,0
3454,0,0
3455,1,1
3456,1,1
3457,1,1
3458,1,1
3459,0,0
3460,0,0
3461,1,1
3462,1,1
3463,1,1
3464,1,1
3465,0,0
3466,0,0
3467,1,1
3468,0,0
3469,1,1
3470,1,1
3471,0,0
3472,0,0
3473,1,1
3474,0,0
3475,0,0
3476,0,0
3477,0,0
3478,0,1
3479,0,0
3480,1,1
3481,0,1
3482,1,1
3483,1,1
3484,1,1
3485,0,0
3486,1,0
3487,0,0
3488,1,1
3489,1,1
3490,1,1
3491,0,1
3492,0,0
3493,0,0
3494,1,1
3495,1,1
3496,0,0
3497,0,0
3498,1,1
3499,1,1
3500,1,1
3501,0,0
3502,0,0
3503,0,0
3504,0,0
3505,0,1
3506,1,0
3507,1,1
3508,1,1
3509,1,1
3510,1,1
3511,0,0
3512,1,1
3513,0,0
3514,1,1
3515,1,1
3516,1,1
3517,1,1
3518,0,0
3519,1,1
3520,1,1
3521,1,1
3522,1,0
3523,0,0
3524,0,0
3525,0,0
3526,1,1
3527,0,0
3528,0,0
3529,0,0
3530,1,1
3531,1,1
3532,1,1
3533,0,0
3534,1,1
3535,1,1
3536,1,1
3537,1,1
3538,0,0
3539,0,0
3540,1,1
3541,0,0
3542,0,0
3543,0,0
3544,1,1
3545,0,0
3546,1,1
3547,0,0
3548,1,1
3549,1,1
3550,1,1
3551,0,1
3552,0,0
3553,0,0
3554,1,1
3555,1,1
3556,1,0
3557,0,0
3558,0,0
3559,1,1
3560,1,1
3561,1,0
3562,0,0
3563,0,0
3564,1,1
3565,0,0
3566,0,0
3567,0,0
3568,0,0
3569,0,0
3570,1,1
3571,0,0
3572,0,0
3573,1,1
3574,1,0
3575,0,0
3576,1,0
3577,0,0
3578,1,0
3579,0,0
3580,1,1
3581,1,1
3582,0,1
3583,0,0
3584,0,0
3585,0,0
3586,0,0
3587,1,0
3588,1,1
3589,1,1
3590,1,1
3591,1,1
3592,1,0
3593,1,1
3594,1,1
3595,0,0
3596,1,1
3597,0,0
3598,0,0
3599,0,0
3600,0,0
3601,1,1
3602,0,0
3603,1,1
3604,0,0
3605,1,1
3606,1,1
3607,0,0
3608,1,1
3609,0,0
3610,0,0
3611,0,0
3612,0,0
3613,1,1
3614,0,0
3615,1,1
3616,0,0
3617,0,0
3618,0,0
3619,1,1
3620,0,0
3621,1,1
3622,1,1
3623,1,1
3624,1,1
3625,1,1
3626,1,0
3627,1,1
3628,1,0
3629,1,1
3630,0,0
3631,1,1
3632,0,0
3633,1,1
3634,0,0
3635,0,0
3636,1,1
3637,1,1
3638,1,1
3639,0,0
3640,1,1
3641,1,1
3642,1,1
3643,0,1
3644,0,0
3645,1,0
3646,0,0
3647,1,1
3648,1,1
3649,1,1
3650,1,1
3651,0,0
3652,1,1
3653,1,1
3654,1,1
3655,1,1
3656,1,0
3657,1,1
3658,0,1
3659,0,0
3660,0,0
3661,1,0
3662,1,1
3663,0,0
3664,1,1
3665,0,0
3666,0,0
3667,0,0
3668,1,1
3669,0,0
3670,0,0
3671,1,1
3672,0,0
3673,1,1
3674,1,1
3675,1,1
3676,1,1
3677,0,0
3678,1,1
3679,1,1
3680,0,0
3681,1,1
3682,0,0
3683,0,0
3684,0,0
3685,1,1
3686,1,1
3687,1,1
3688,0,0
3689,1,1
3690,0,0
3691,0,1
3692,0,0
3693,1,1
3694,0,0
3695,1,1
3696,0,0
3697,0,0
3698,1,1
3699,1,1
3700,1,0
3701,0,0
3702,0,0
3703,1,0
3704,1,0
3705,1,1
3706,1,1
3707,0,0
3708,1,1
3709,1,1
3710,1,1
3711,1,1
3712,1,1
3713,1,1
3714,1,1
3715,1,0
3716,0,0
3717,0,0
3718,0,1
3719,0,0
3720,1,0
3721,0,0
3722,0,0
3723,1,0
3724,0,0
3725,0,0
3726,0,0
3727,1,1
3728,0,0
3729,1,0
3730,0,0
3731,1,1
3732,1,1
3733,1,1
3734,1,1
3735,1,0
3736,0,0
3737,0,1
3738,1,1
3739,0,0
3740,0,0
3741,1,1
3742,1,1
3743,0,1
3744,0,1
3745,1,1
3746,0,0
3747,1,1
3748,0,0
3749,0,0
3750,1,1
3751,1,1
3752,0,0
3753,1,1
3754,1,1
3755,0,0
3756,0,0
3757,0,0
3758,0,0
3759,1,1
3760,0,0
3761,1,1
3762,0,0
3763,0,0
3764,1,1
3765,0,0
3766,1,0
3767,0,0
3768,1,1
3769,1,1
3770,1,1
3771,0,0
3772,1,1
3773,0,0
3774,0,0
3775,1,1
3776,0,0
3777,1,1
3778,1,1
3779,0,0
3780,1,1
3781,1,0
3782,1,1
3783,0,0
3784,1,1
3785,1,1
3786,0,0
3787,1,1
3788,1,1
3789,1,0
3790,1,0
3791,0,0
3792,1,1
3793,0,0
3794,1,1
3795,1,1
3796,0,0
3797,1,1
3798,1,1
3799,0,0
3800,1,1
3801,0,0
3802,1,1
3803,1,1
3804,1,0
3805,1,1
3806,1,1
3807,0,0
3808,1,1
3809,1,1
3810,0,0
3811,1,1
3812,0,1
3813,0,0
3814,1,1
3815,0,0
3816,1,1
3817,0,0
3818,0,0
3819,1,1
3820,1,0
3821,0,0
3822,1,0
3823,0,0
3824,1,1
3825,1,1
3826,1,1
3827,1,1
3828,1,1
3829,1,1
3830,1,1
3831,1,0
3832,1,1
3833,0,0
3834,0,0
3835,1,1
3836,1,1
3837,1,0
3838,0,0
3839,1,0
3840,0,0
3841,0,0
3842,1,1
3843,0,0
3844,1,0
3845,0,1
3846,1,1
3847,1,1
3848,1,1
3849,1,1
3850,1,0
3851,1,1
3852,1,1
3853,0,0
3854,1,1
3855,1,1
3856,0,0
3857,1,1
3858,1,0
3859,0,1
3860,1,1
3861,0,0
3862,1,1
3863,1,0
3864,0,1
3865,1,1
3866,0,0
3867,1,1
3868,1,1
3869,1,0
3870,1,1
3871,0,0
3872,1,1
3873,0,0
3874,0,0
3875,0,0
3876,1,1
3877,0,0
3878,1,1
3879,1,1
3880,0,0
3881,0,0
3882,1,0
3883,0,1
3884,0,1
3885,0,0
3886,0,0
3887,0,0
3888,1,1
3889,1,1
3890,1,1
3891,1,1
3892,0,0
3893,1,1
3894,0,0
3895,1,0
3896,0,0
3897,0,0
3898,1,1
3899,0,0
3900,0,0
3901,0,0
3902,0,0
3903,1,1
3904,1,1
3905,0,0
3906,1,0
3907,1,1
3908,0,0
3909,0,1
3910,0,0
3911,1,1
3912,0,0
3913,0,0
3914,0,0
3915,0,0
3916,0,0
3917,1,1
3918,0,1
3919,1,1
3920,1,1
3921,1,1
3922,1,0
3923,0,0
3924,1,1
3925,1,0
3926,1,1
3927,1,1
3928,1,1
3929,1,1
3930,0,0
3931,0,1
3932,1,1
3933,0,0
3934,0,0
3935,1,1
3936,1,1
3937,1,1
3938,1,1
3939,1,1
3940,1,1
3941,0,0
3942,1,1
3943,1,0
3944,1,1
3945,1,1
3946,0,0
3947,0,0
3948,1,0
3949,0,0
3950,0,0
3951,1,1
3952,1,1
3953,0,0
3954,1,1
3955,0,0
3956,1,1
3957,1,1
3958,1,1
3959,1,1
3960,0,0
3961,1,1
3962,1,1
3963,0,0
3964,0,0
3965,0,0
3966,0,0
3967,1,1
3968,0,0
3969,1,1
3970,0,0
3971,0,0
3972,1,1
3973,0,0
3974,1,1
3975,0,0
3976,0,0
3977,0,0
3978,0,0
3979,1,0
3980,1,1
3981,0,0
3982,1,0
3983,0,0
3984,1,1
3985,0,0
3986,0,0
3987,0,0
3988,1,1
3989,1,1
3990,1,1
3991,1,1
3992,0,0
3993,1,1
3994,1,1
3995,0,0
3996,0,1
3997,1,0
3998,1,1
3999,1,1
4000,0,0
4001,0,0
4002,0,0
4003,1,1
4004,1,1
4005,1,1
4006,0,0
4007,1,1
4008,1,0
4009,0,0
4010,0,0
4011,0,0
4012,0,0
4013,0,0
4014,0,0
4015,1,1
4016,1,1
4017,0,1
4018,1,0
4019,1,1
4020,1,1
4021,0,0
4022,0,0
4023,0,0
4024,1,1
4025,1,1
4026,0,0
4027,1,0
4028,0,1
4029,0,0
4030,1,0
4031,1,1
4032,0,0
4033,1,1
4034,1,0
4035,1,1
4036,1,1
4037,0,0
4038,1,1
4039,0,0
4040,0,0
4041,1,1
4042,0,0
4043,1,0
4044,0,0
4045,0,0
4046,0,1
4047,0,0
4048,0,0
4049,1,1
4050,0,0
4051,0,0
4052,0,0
4053,0,0
4054,0,1
4055,1,1
4056,1,1
4057,1,1
4058,0,1
4059,0,0
4060,1,1
4061,0,0
4062,0,0
4063,1,1
4064,1,1
4065,1,1
4066,0,0
4067,0,0
4068,1,1
4069,0,0
4070,0,1
4071,1,1
4072,1,1
4073,1,1
4074,1,1
4075,0,0
4076,1,1
4077,1,1
4078,1,1
4079,0,0
4080,0,0
4081,1,1
4082,1,1
4083,1,1
4084,0,0
4085,1,1
4086,0,0
4087,1,1
4088,0,0
4089,0,0
4090,1,0
4091,0,0
4092,0,0
4093,1,0
4094,1,1
4095,0,0
4096,1,1
4097,0,0
4098,1,0
4099,1,0
4100,1,1
4101,0,0
4102,1,1
4103,1,1
4104,0,0
4105,0,0
4106,1,1
4107,1,1
4108,1,1
4109,0,0
4110,1,1
4111,1,1
4112,0,0
4113,1,1
4114,1,1
4115,1,1
4116,0,0
4117,0,0
4118,1,1
4119,1,1
4120,1,1
4121,0,0
4122,1,1
4123,0,0
4124,1,1
4125,0,0
4126,0,0
4127,0,0
4128,1,1
4129,0,0
4130,0,0
4131,0,1
4132,1,1
4133,1,1
4134,0,0
4135,0,0
4136,0,0
4137,0,0
4138,1,1
4139,0,0
4140,0,0
4141,1,1
4142,1,1
4143,1,0
4144,1,1
4145,1,0
4146,0,0
4147,1,1
4148,0,0
4149,1,1
4150,0,0
4151,0,0
4152,1,1
4153,0,0
4154,1,1
4155,1,1
4156,0,0
4157,0,0
4158,1,1
4159,1,1
4160,1,1
4161,0,0
4162,0,0
4163,0,0
4164,0,0
4165,0,0
4166,1,1
4167,0,0
4168,1,1
4169,1,1
4170,0,0
4171,1,1
4172,1,0
4173,0,0
4174,0,0
4175,1,1
4176,1,1
4177,0,0
4178,0,0
4179,1,1
4180,0,0
4181,1,1
4182,0,0
4183,0,0
4184,1,0
4185,1,1
4186,0,0
4187,0,0
4188,0,0
4189,1,1
4190,0,0
4191,0,0
4192,1,1
4193,0,0
4194,0,0
4195,1,1
4196,1,1
4197,1,1
4198,1,1
4199,1,1
4200,1,1
4201,0,0
4202,0,0
4203,0,0
4204,1,1
4205,1,1
4206,1,1
4207,1,1
4208,0,0
4209,0,0
4210,0,0
4211,1,0
4212,0,0
4213,1,1
4214,0,0
4215,1,1
4216,0,0
4217,0,0
4218,0,0
4219,1,1
4220,1,0
4221,0,0
4222,0,0
4223,1,1
4224,1,1
4225,1,1
4226,0,0
4227,1,1
4228,0,0
4229,0,0
4230,0,0
4231,1,1
4232,1,1
4233,1,1
4234,0,0
4235,1,1
4236,1,1
4237,0,0
4238,0,0
4239,0,0
4240,0,0
4241,0,0
4242,0,0
4243,1,1
4244,0,0
4245,0,0
4246,0,0
4247,1,1
4248,1,1
4249,1,0
4250,1,1
4251,1,1
4252,1,1
4253,1,1
4254,1,1
4255,1,1
4256,1,1
4257,1,1
4258,0,0
4259,0,0
4260,1,1
4261,0,0
4262,0,0
4263,0,0
4264,1,1
4265,0,0
4266,1,1
4267,0,0
4268,1,0
4269,1,1
4270,1,1
4271,1,1
4272,1,1
4273,0,1
4274,1,1
4275,1,1
4276,1,1
4277,0,0
4278,0,0
4279,0,0
4280,0,0
4281,0,0
4282,1,1
4283,1,1
4284,0,0
4285,1,1
4286,0,0
4287,1,1
4288,0,0
4289,0,0
4290,0,0
4291,1,1
4292,0,0
4293,1,1
4294,0,0
4295,1,1
4296,1,1
4297,0,0
4298,1,1
4299,0,0
4300,1,1
4301,1,0
4302,0,0
4303,1,1
4304,0,0
4305,0,0
4306,1,0
4307,1,1
4308,1,1
4309,0,0
4310,1,1
4311,1,1
4312,1,1
4313,0,0
4314,1,0
4315,0,0
4316,0,0
4317,1,0
4318,0,0
4319,0,0
4320,0,0
4321,1,1
4322,1,1
4323,1,1
4324,0,0
4325,0,0
4326,1,1
4327,1,1
4328,0,0
4329,0,1
4330,1,1
4331,1,1
4332,1,1
4333,0,0
4334,1,1
4335,0,0
4336,0,0
4337,0,0
4338,0,0
4339,0,0
4340,1,1
4341,1,1
4342,1,0
4343,0,0
4344,0,0
4345,0,0
4346,0,0
4347,1,1
4348,1,1
4349,1,0
4350,1,1
4351,0,0
4352,1,1
4353,1,1
4354,0,0
4355,0,0
4356,1,1
4357,1,1
4358,1,0
4359,1,1
4360,1,1
4361,0,0
4362,1,1
4363,1,1
4364,0,0
4365,0,0
4366,1,1
4367,1,1
4368,0,0
4369,1,1
4370,1,1
4371,0,0
4372,0,0
4373,1,1
4374,1,1
4375,1,1
4376,1,1
4377,0,0
4378,0,0
4379,1,1
4380,1,0
4381,0,0
4382,0,0
4383,1,1
4384,1,1
4385,0,0
4386,0,0
4387,1,1
4388,1,1
4389,1,1
4390,0,0
4391,0,0
4392,0,0
4393,0,0
4394,0,0
4395,1,1
4396,0,1
4397,0,0
4398,0,0
4399,1,1
4400,1,1
4401,1,1
4402,1,1
4403,0,0
4404,1,1
4405,0,0
4406,0,0
4407,0,0
4408,1,1
4409,1,0
4410,0,0
4411,0,0
4412,1,0
4413,1,0
4414,0,0
4415,0,0
4416,1,1
4417,0,0
4418,1,1
4419,1,1
4420,0,0
4421,1,1
4422,1,1
4423,0,0
4424,0,0
4425,1,1
4426,1,1
4427,0,0
4428,0,0
4429,0,0
4430,1,1
4431,0,0
4432,0,0
4433,1,1
4434,1,1
4435,0,0
4436,1,1
4437,1,0
4438,0,0
4439,1,1
4440,0,0
4441,0,0
4442,1,1
4443,0,0
4444,0,0
4445,0,0
4446,0,0
4447,1,1
4448,1,1
4449,1,0
4450,1,1
4451,0,0
4452,1,1
4453,1,1
4454,0,0
4455,0,0
4456,0,0
4457,0,0
4458,0,0
4459,0,0
4460,1,1
4461,0,0
4462,0,0
4463,1,1
4464,0,0
4465,1,1
4466,0,0
4467,0,0
4468,0,0
4469,1,1
4470,0,0
4471,1,1
4472,1,1
4473,1,1
4474,0,0
4475,0,0
4476,0,0
4477,1,1
4478,1,0
4479,1,0
4480,1,1
4481,0,0
4482,0,0
4483,0,0
4484,0,0
4485,0,0
4486,1,1
4487,0,0
4488,1,1
4489,0,0
4490,0,0
4491,1,1
4492,0,0
4493,0,0
4494,1,1
4495,0,0
4496,1,1
4497,1,1
4498,0,0
4499,0,0
4500,1,0
4501,1,1
4502,0,0
4503,1,1
4504,0,0
4505,1,1
4506,1,1
4507,1,1
4508,1,1
4509,0,0
4510,1,1
4511,0,0
4512,0,0
4513,0,0
4514,1,1
4515,0,0
4516,1,1
4517,0,0
4518,1,1
4519,1,1
4520,0,0
4521,1,1
4522,0,0
4523,1,1
4524,1,1
4525,1,1
4526,0,0
4527,0,0
4528,1,1
4529,0,0
4530,0,0
4531,0,1
4532,1,1
4533,0,0
4534,0,0
4535,1,1
4536,0,0
4537,0,0
4538,0,0
4539,0,0
4540,0,0
4541,0,0
4542,0,0
4543,1,1
4544,0,0
4545,1,1
4546,0,0
4547,1,1
4548,0,0
4549,0,0
4550,1,1
4551,1,1
4552,1,1
4553,1,1
4554,0,1
4555,1,0
4556,0,0
4557,0,0
4558,0,0
4559,0,1
4560,0,0
4561,0,1
4562,0,0
4563,0,0
4564,1,1
4565,1,1
4566,0,0
4567,1,1
4568,1,1
4569,1,1
4570,1,1
4571,1,1
4572,1,0
4573,1,1
4574,0,1
4575,1,1
4576,1,1
4577,1,0
4578,0,0
4579,1,1
4580,0,0
4581,0,0
4582,0,0
4583,0,0
4584,0,0
4585,0,0
4586,0,0
4587,1,1
4588,1,1
4589,1,1
4590,1,1
4591,0,0
4592,1,0
4593,0,0
4594,0,0
4595,0,0
4596,1,1
4597,1,0
4598,1,1
4599,1,1
4600,0,0
4601,1,0
4602,0,0
4603,1,1
4604,1,1
4605,0,0
4606,1,0
4607,0,0
4608,1,1
4609,1,1
4610,1,1
4611,0,0
4612,1,0
4613,0,0
4614,1,1
4615,1,1
4616,0,0
4617,1,1
4618,1,1
4619,0,0
4620,1,1
4621,1,1
4622,1,1
4623,1,0
4624,0,0
4625,1,1
4626,0,0
4627,0,0
4628,1,1
4629,0,0
4630,0,0
4631,1,1
4632,1,1
4633,0,0
4634,1,0
4635,1,1
4636,1,0
4637,0,0
4638,1,1
4639,1,1
4640,1,1
4641,1,1
4642,1,1
4643,1,1
4644,0,0
4645,1,1
4646,0,0
4647,0,0
4648,0,0
4649,0,0
4650,1,1
4651,1,1
4652,1,1
4653,0,0
4654,1,1
4655,1,1
4656,0,0
4657,1,0
4658,1,1
4659,1,1
4660,0,0
4661,1,1
4662,0,0
4663,1,1
4664,1,1
4665,0,0
4666,1,0
4667,1,0
4668,1,1
4669,0,0
4670,1,0
4671,1,1
4672,0,0
4673,0,0
4674,0,0
4675,1,1
4676,1,0
4677,1,1
4678,0,0
4679,0,0
4680,1,1
4681,0,0
4682,0,0
4683,1,0
4684,1,1
4685,1,1
4686,1,1
4687,0,0
4688,0,0
4689,1,1
4690,0,1
4691,0,0
4692,0,0
4693,0,0
4694,0,0
4695,0,0
4696,0,0
4697,0,0
4698,0,0
4699,1,1
4700,0,0
4701,0,0
4702,1,1
4703,1,1
4704,1,1
4705,0,0
4706,0,0
4707,0,0
4708,0,0
4709,1,0
4710,1,1
4711,0,0
4712,1,1
4713,1,1
4714,0,0
4715,0,0
4716,1,1
4717,0,0
4718,1,1
4719,0,0
4720,1,0
4721,1,1
4722,0,0
4723,1,1
4724,1,1
4725,0,0
4726,0,0
4727,0,0
4728,0,0
4729,1,0
4730,1,1
4731,1,1
4732,1,1
4733,0,0
4734,0,0
4735,1,1
4736,0,0
4737,1,1
4738,0,0
4739,1,0
4740,1,1
4741,0,0
4742,1,1
4743,0,0
4744,0,0
4745,1,1
4746,1,1
4747,1,1
4748,1,1
4749,1,1
4750,1,1
4751,1,1
4752,0,0
4753,1,1
4754,0,0
4755,1,1
4756,0,0
4757,0,0
4758,0,0
4759,0,1
4760,0,0
4761,1,1
4762,0,0
4763,1,1
4764,1,1
4765,1,1
4766,1,1
4767,0,0
4768,0,1
4769,0,0
4770,1,1
4771,1,1
4772,1,1
4773,1,1
4774,1,1
4775,1,0
4776,0,0
4777,1,1
4778,1,1
4779,0,0
4780,0,0
4781,1,1
4782,1,1
4783,0,0
4784,1,1
4785,1,1
4786,0,0
4787,0,1
4788,1,1
4789,1,0
4790,1,1
4791,0,0
4792,1,1
4793,0,0
4794,0,0
4795,1,1
4796,1,1
4797,0,0
4798,0,0
4799,0,0
4800,0,0
4801,0,0
4802,1,1
4803,1,1
4804,0,0
4805,1,1
4806,1,1
4807,1,1
4808,1,1
4809,0,0
4810,0,0
4811,0,0
4812,0,0
4813,0,0
4814,1,1
4815,0,0
4816,0,0
4817,1,1
4818,0,0
4819,0,0
4820,0,0
4821,1,1
4822,1,1
4823,0,0
4824,0,0
4825,0,1
4826,1,0
4827,1,1
4828,1,1
4829,0,0
4830,0,0
4831,1,1
4832,0,0
4833,1,1
4834,0,0
4835,1,1
4836,1,0
4837,1,1
4838,0,1
4839,1,1
4840,0,0
4841,0,0
4842,1,1
4843,0,0
4844,1,1
4845,1,1
4846,0,0
4847,1,1
4848,0,0
4849,1,1
4850,1,1
4851,0,0
4852,1,1
4853,0,0
4854,1,1
4855,1,1
4856,1,1
4857,0,0
4858,0,0
4859,0,0
4860,0,0
4861,0,0
4862,1,1
4863,1,1
4864,1,1
4865,1,1
4866,1,1
4867,0,0
4868,0,0
4869,0,0
4870,0,0
4871,1,0
4872,1,1
4873,1,0
4874,1,1
4875,1,1
4876,0,0
4877,1,1
4878,1,1
4879,1,0
4880,0,0
4881,1,1
4882,0,0
4883,1,1
4884,1,0
4885,0,0
4886,1,1
4887,0,0
4888,1,1
4889,1,1
4890,1,1
4891,1,1
4892,1,1
4893,0,0
4894,1,1
4895,0,0
4896,1,1
4897,1,1
4898,0,0
4899,0,0
4900,1,1
4901,1,1
4902,0,0
4903,1,1
4904,0,0
4905,0,0
4906,0,0
4907,1,0
4908,1,1
4909,1,1
4910,1,1
4911,1,0
4912,0,0
4913,1,1
4914,0,0
4915,1,0
4916,1,1
4917,1,1
4918,0,0
4919,1,1
4920,1,1
4921,0,0
4922,1,1
4923,0,0
4924,1,1
4925,1,0
4926,1,1
4927,1,0
4928,1,1
4929,0,0
4930,1,1
4931,1,1
4932,1,1
4933,1,0
4934,1,1
4935,0,0
4936,0,0
4937,1,1
4938,0,0
4939,1,0
4940,0,0
4941,1,1
4942,0,1
4943,1,1
4944,1,0
4945,1,1
4946,0,0
4947,1,1
4948,0,0
4949,1,1
4950,1,1
4951,1,1
4952,0,0
4953,1,1
4954,1,0
4955,0,0
4956,0,0
4957,1,0
4958,0,1
4959,0,1
4960,0,1
4961,0,0
4962,1,1
4963,0,0
4964,0,0
4965,0,0
4966,0,1
4967,0,0
4968,0,0
4969,1,1
4970,0,0
4971,1,1
4972,1,0
4973,0,0
4974,1,1
4975,1,1
4976,1,1
4977,0,0
4978,1,1
4979,0,0
4980,0,0
4981,1,1
4982,1,1
4983,0,0
4984,1,1
4985,0,0
4986,0,0
4987,1,0
4988,0,0
4989,1,1
4990,1,1
4991,1,0
4992,1,1
4993,1,1
4994,1,1
4995,0,0
4996,1,1
4997,0,0
4998,0,0
4999,0,0
5000,0,0
5001,1,1
5002,0,0
5003,0,0
5004,0,0
5005,1,1
5006,1,1
5007,1,1
5008,0,0
5009,0,0
5010,0,0
5011,1,1
5012,1,1
5013,1,1
5014,0,0
5015,0,0
5016,1,1
5017,0,0
5018,0,0
5019,0,0
5020,1,1
5021,1,1
5022,1,1
5023,1,0
5024,0,1
5025,0,1
5026,0,0
5027,1,1
5028,1,1
5029,0,0
5030,1,1
5031,1,1
5032,0,0
5033,1,1
5034,0,0
5035,0,0
5036,1,1
5037,1,1
5038,1,0
5039,1,1
5040,0,0
5041,0,0
5042,1,1
5043,1,1
5044,0,0
5045,0,0
5046,0,0
5047,1,0
5048,1,1
5049,0,0
5050,1,1
5051,1,0
5052,0,0
5053,1,1
5054,0,0
5055,1,1
5056,1,0
5057,0,0
5058,1,1
5059,0,0
5060,1,1
5061,1,1
5062,1,0
5063,0,0
5064,0,0
5065,1,1
5066,0,0
5067,1,1
5068,0,0
5069,1,0
5070,1,1
5071,1,1
5072,0,0
5073,1,1
5074,0,1
5075,1,1
5076,0,0
5077,1,1
5078,1,1
5079,1,1
5080,0,0
5081,1,1
5082,0,0
5083,0,0
5084,1,0
5085,0,0
5086,1,0
5087,0,1
5088,0,0
5089,0,0
5090,0,0
5091,1,1
5092,0,0
5093,1,1
5094,0,0
5095,0,0
5096,1,1
5097,0,0
5098,0,0
5099,1,1
5100,1,1
5101,0,0
5102,0,0
5103,1,1
5104,0,0
5105,1,0
5106,1,1
5107,0,0
5108,1,1
5109,0,0
5110,1,1
5111,1,0
5112,1,1
5113,1,1
5114,1,1
5115,1,1
5116,0,0
5117,1,1
5118,1,1
5119,0,0
5120,0,0
5121,0,0
5122,1,1
5123,1,1
5124,1,1
5125,0,0
5126,1,1
5127,1,1
5128,1,1
5129,1,1
5130,1,1
5131,1,1
5132,1,1
5133,0,0
5134,0,0
5135,1,1
5136,0,0
5137,0,0
5138,1,1
5139,0,0
5140,1,0
5141,0,0
5142,0,1
5143,1,1
5144,0,0
5145,0,0
5146,0,0
5147,1,0
5148,1,1
5149,0,0
5150,0,0
5151,0,0
5152,1,1
5153,0,0
5154,0,0
5155,1,1
5156,0,0
5157,0,1
5158,0,0
5159,1,1
5160,1,0
5161,1,1
5162,0,0
5163,0,1
5164,1,1
5165,1,0
5166,1,1
5167,1,1
5168,0,0
5169,1,1
5170,1,1
5171,0,0
5172,1,1
5173,0,0
5174,0,0
5175,0,0
5176,0,0
5177,0,0
5178,1,1
5179,1,1
5180,0,0
5181,0,0
5182,1,1
5183,1,1
5184,1,1
5185,1,1
5186,0,0
5187,1,1
5188,0,0
5189,0,0
5190,1,1
5191,0,0
5192,0,0
5193,0,0
5194,0,0
5195,1,1
5196,0,0
5197,0,0
5198,1,1
5199,1,1
5200,0,0
5201,0,0
5202,0,0
5203,1,1
5204,0,0
5205,0,0
5206,0,0
5207,1,1
5208,1,1
5209,0,0
5210,0,0
5211,0,0
5212,0,0
5213,1,1
5214,0,0
5215,1,0
5216,1,1
5217,0,0
5218,0,0
5219,0,0
5220,0,0
5221,0,0
5222,0,0
5223,1,0
5224,1,1
5225,0,0
5226,1,1
5227,1,1
5228,1,1
5229,0,0
5230,1,0
5231,0,0
5232,0,0
5233,1,1
5234,1,0
5235,1,1
5236,1,1
5237,1,1
5238,0,0
5239,0,0
5240,1,1
5241,1,1
5242,0,0
5243,1,1
5244,0,0
5245,0,0
5246,0,0
5247,1,1
5248,1,0
5249,1,1
5250,1,1
5251,1,1
5252,0,0
5253,0,0
5254,1,0
5255,0,0
5256,1,1
5257,1,1
5258,1,1
5259,0,0
5260,1,1
5261,1,1
5262,1,0
5263,1,1
5264,0,0
5265,0,0
5266,1,1
5267,1,1
5268,0,0
5269,1,1
5270,1,1
5271,1,1
5272,0,0
5273,0,0
5274,0,0
5275,0,1
5276,0,0
5277,1,1
5278,1,1
5279,1,1
5280,0,0
5281,0,1
5282,0,0
5283,1,1
5284,0,1
5285,1,1
5286,1,1
5287,0,0
5288,1,1
5289,1,1
5290,0,0
5291,0,0
5292,1,1
5293,1,1
5294,1,1
5295,1,1
5296,1,1
5297,0,0
5298,1,0
5299,0,0
5300,0,0
5301,0,0
5302,0,0
5303,1,0
5304,1,1
5305,0,0
5306,1,1
5307,1,1
5308,0,0
5309,1,1
5310,0,0
5311,0,0
5312,1,1
5313,0,0
5314,0,0
5315,1,0
5316,1,1
5317,1,1
5318,0,0
5319,0,0
5320,1,1
5321,0,0
5322,1,1
5323,0,0
5324,1,1
5325,1,1
5326,1,1
5327,1,1
5328,1,1
5329,1,1
5330,0,0
5331,0,0
5332,1,1
5333,1,1
5334,1,1
5335,1,1
5336,0,0
5337,1,1
5338,0,0
5339,1,1
5340,0,0
5341,0,0
5342,1,0
5343,0,0
5344,0,0
5345,1,1
5346,1,1
5347,0,0
5348,0,0
5349,1,0
5350,0,0
5351,1,1
5352,1,1
5353,1,1
5354,0,0
5355,0,0
5356,0,0
5357,1,0
5358,1,1
5359,0,0
5360,0,0
5361,1,1
5362,0,0
5363,1,1
5364,1,1
5365,1,1
5366,1,1
5367,1,1
5368,1,1
5369,1,1
5370,0,0
5371,1,1
5372,0,0
5373,0,0
5374,1,1
5375,1,1
5376,0,0
5377,1,1
5378,1,1
5379,1,1
5380,0,0
5381,1,1
5382,0,1
5383,1,1
5384,1,1
5385,0,0
5386,1,1
5387,0,0
5388,1,0
5389,0,0
5390,1,1
5391,1,1
5392,1,1
5393,1,0
5394,1,1
5395,0,0
5396,1,1
5397,1,1
5398,0,0
5399,1,1
5400,1,0
5401,1,0
5402,0,0
5403,1,1
5404,1,1
5405,1,1
5406,1,0
5407,1,1
5408,0,0
5409,0,0
5410,0,0
5411,1,1
5412,1,1
5413,1,1
5414,0,0
5415,1,1
5416,0,0
5417,0,0
5418,1,1
5419,0,0
5420,1,0
5421,1,1
5422,0,0
5423,1,0
5424,0,0
5425,1,1
5426,0,0
5427,0,0
5428,1,1
5429,0,0
5430,0,0
5431,1,1
5432,0,0
5433,0,0
5434,0,0
5435,1,1
5436,0,0
5437,0,0
5438,0,0
5439,1,1
5440,0,0
5441,0,0
5442,1,1
5443,1,1
5444,1,1
5445,1,1
5446,1,1
5447,0,0
5448,1,1
5449,0,0
5450,1,1
5451,0,0
5452,0,0
5453,1,1
5454,1,1
5455,1,1
5456,0,0
5457,1,1
5458,1,0
5459,1,1
5460,1,1
5461,1,1
5462,1,1
5463,0,0
5464,1,1
5465,0,0
5466,0,0
5467,1,1
5468,1,1
5469,1,1
5470,1,1
5471,1,1
5472,0,0
5473,1,0
5474,0,0
5475,1,1
5476,1,1
5477,0,0
5478,0,0
5479,1,1
5480,1,0
5481,0,0
5482,0,0
5483,1,1
5484,1,1
5485,0,0
5486,0,0
5487,1,1
5488,1,1
5489,1,1
5490,0,0
5491,0,0
5492,0,0
5493,0,0
5494,0,0
5495,0,0
5496,1,1
5497,1,1
5498,1,0
5499,1,1
5500,1,0
5501,1,1
5502,0,0
5503,0,0
5504,0,1
5505,1,1
5506,1,1
5507,0,0
5508,0,0
5509,0,0
5510,1,1
5511,1,1
5512,0,0
5513,0,0
5514,1,1
5515,1,1
5516,1,1
5517,1,1
5518,1,1
5519,0,0
5520,1,1
5521,0,0
5522,1,1
5523,1,0
5524,0,0
5525,1,1
5526,0,0
5527,1,1
5528,0,0
5529,0,0
5530,0,0
5531,0,0
5532,1,1
5533,1,1
5534,0,0
5535,0,0
5536,1,1
5537,1,1
5538,1,1
5539,0,0
5540,0,0
5541,1,1
5542,0,0
5543,0,0
5544,0,0
5545,1,1
5546,0,0
5547,1,1
5548,1,1
5549,1,1
5550,1,1
5551,0,0
5552,1,1
5553,1,1
5554,0,0
5555,1,1
5556,1,1
5557,1,1
5558,1,1
5559,0,0
5560,1,1
5561,0,0
5562,0,0
5563,1,1
5564,0,0
5565,0,0
5566,0,0
5567,1,1
5568,1,1
5569,0,0
5570,1,1
5571,0,0
5572,0,0
5573,1,0
5574,1,1
5575,1,1
5576,1,1
5577,1,1
5578,0,0
5579,1,0
5580,0,0
5581,1,1
5582,1,1
5583,0,0
5584,1,1
5585,1,1
5586,1,1
5587,0,0
5588,0,0
5589,1,1
5590,0,0
5591,0,0
5592,1,1
5593,0,0
5594,1,0
5595,1,1
5596,1,0
5597,0,0
5598,1,1
5599,1,1
5600,1,0
5601,1,1
5602,1,1
5603,0,0
5604,0,0
5605,1,1
5606,1,1
5607,1,1
5608,1,1
5609,1,0
5610,1,1
5611,1,1
5612,0,0
5613,1,1
5614,0,0
5615,0,1
5616,0,0
5617,1,1
5618,0,0
5619,0,0
5620,1,1
5621,1,1
5622,1,1
5623,1,1
5624,0,0
5625,1,1
5626,1,1
5627,0,0
5628,1,1
5629,0,0
5630,1,0
5631,0,0
5632,0,0
5633,1,1
5634,1,1
5635,1,1
5636,1,1
5637,0,0
5638,1,1
5639,1,1
5640,0,0
5641,0,0
5642,1,1
5643,1,1
5644,0,0
5645,1,1
5646,0,1
5647,1,1
5648,1,1
5649,1,1
5650,1,1
5651,0,1
5652,1,1
5653,1,1
5654,0,0
5655,0,0
5656,0,0
5657,0,0
5658,1,1
5659,1,1
5660,0,0
5661,1,1
5662,1,1
5663,0,0
5664,0,0
5665,0,0
5666,1,0
5667,1,1
5668,0,0
5669,1,1
5670,0,0
5671,1,1
5672,1,0
5673,0,0
5674,1,1
5675,0,0
5676,1,1
5677,0,0
5678,1,1
5679,1,1
5680,1,1
5681,0,0
5682,0,0
5683,1,1
5684,1,0
5685,1,1
5686,1,1
5687,0,1
5688,1,1
5689,0,0
5690,1,1
5691,1,1
5692,1,1
5693,0,0
5694,1,1
5695,1,1
5696,0,0
5697,0,0
5698,0,0
5699,0,0
5700,1,0
5701,0,0
5702,0,0
5703,0,0
5704,0,0
5705,1,1
5706,0,0
5707,0,0
5708,0,0
5709,0,1
5710,0,0
5711,0,0
5712,0,0
5713,1,0
5714,0,0
5715,1,1
5716,0,0
5717,0,0
5718,1,1
5719,1,1
5720,1,1
5721,1,1
5722,1,1
5723,1,1
5724,0,0
5725,0,0
5726,1,0
5727,0,0
5728,0,0
5729,1,1
5730,1,1
5731,0,0
5732,0,0
5733,0,0
5734,1,1
5735,0,0
5736,1,1
5737,0,0
5738,0,0
5739,0,0
5740,1,1
5741,1,1
5742,0,0
5743,0,0
5744,1,1
5745,0,0
5746,0,0
5747,0,0
5748,1,1
5749,0,1
5750,0,0
5751,1,1
5752,1,1
5753,0,0
5754,1,1
5755,0,0
5756,0,0
5757,1,1
5758,1,1
5759,1,1
5760,0,0
5761,1,1
5762,1,1
5763,1,1
5764,0,0
5765,1,1
5766,1,1
5767,1,1
5768,0,0
5769,1,1
5770,1,1
5771,1,1
5772,1,1
5773,0,0
5774,1,1
5775,1,1
5776,1,1
5777,1,1
5778,0,0
5779,0,0
5780,1,1
5781,0,0
5782,0,0
5783,0,0
5784,1,1
5785,1,0
5786,1,1
5787,1,1
5788,0,0
5789,0,0
5790,1,1
5791,0,1
5792,1,1
5793,0,0
5794,0,0
5795,0,0
5796,0,0
5797,1,1
5798,0,0
5799,1,1
5800,1,0
5801,0,0
5802,1,1
5803,1,1
5804,1,1
5805,0,0
5806,0,0
5807,0,0
5808,0,0
5809,0,0
5810,1,1
5811,0,0
5812,1,0
5813,1,1
5814,1,1
5815,1,1
5816,1,1
5817,0,0
5818,1,1
5819,0,0
5820,1,0
5821,0,0
5822,0,0
5823,0,0
5824,0,0
5825,1,1
5826,0,0
5827,1,1
5828,1,1
5829,1,1
5830,0,1
5831,1,1
5832,1,1
5833,0,0
5834,0,0
5835,1,1
5836,1,1
5837,1,1
5838,0,0
5839,0,0
5840,1,0
5841,1,1
5842,0,0
5843,1,1
5844,1,1
5845,0,0
5846,0,0
5847,1,0
5848,1,1
5849,1,0
5850,1,1
5851,0,0
5852,1,1
5853,0,0
5854,1,0
5855,1,1
5856,1,1
5857,1,0
5858,0,0
5859,0,0
5860,1,1
5861,1,1
5862,0,0
5863,1,1
5864,0,0
5865,0,1
5866,0,0
5867,1,1
5868,1,1
5869,0,0
5870,1,1
5871,1,0
5872,1,1
5873,0,0
5874,0,0
5875,0,0
5876,1,1
5877,0,0
5878,0,0
5879,1,1
5880,1,1
5881,0,0
5882,1,1
5883,1,1
5884,1,1
5885,1,1
5886,1,1
5887,1,1
5888,0,0
5889,1,1
5890,1,1
5891,1,0
5892,0,0
5893,0,0
5894,0,0
5895,0,0
5896,1,1
5897,0,0
5898,0,0
5899,1,1
5900,0,0
5901,1,1
5902,0,0
5903,0,0
5904,1,1
5905,1,1
5906,1,1
5907,0,0
5908,0,0
5909,1,1
5910,1,1
5911,1,1
5912,0,0
5913,0,0
5914,0,0
5915,0,0
5916,0,0
5917,1,1
5918,1,1
5919,1,1
5920,0,1
5921,0,0
5922,0,0
5923,1,1
5924,0,0
5925,0,1
5926,0,0
5927,1,1
5928,0,0
5929,0,0
5930,1,1
5931,0,0
5932,0,0
5933,1,1
5934,1,0
5935,0,0
5936,1,0
5937,0,0
5938,0,0
5939,1,1
5940,1,1
5941,0,0
5942,1,1
5943,0,0
5944,1,1
5945,1,1
5946,1,1
5947,0,0
5948,1,1
5949,1,1
5950,0,0
5951,1,1
5952,0,0
5953,1,1
5954,0,0
5955,0,0
5956,1,1
5957,1,1
5958,1,1
5959,1,1
5960,1,0
5961,0,0
5962,1,0
5963,0,0
5964,0,0
5965,1,0
5966,1,1
5967,0,0
5968,0,0
5969,0,0
5970,0,0
5971,1,1
5972,0,0
5973,0,0
5974,1,1
5975,1,1
5976,0,0
5977,1,0
5978,1,1
5979,1,0
5980,1,1
5981,1,0
5982,0,0
5983,0,0
5984,0,0
5985,1,1
5986,0,0
5987,1,1
5988,0,0
5989,1,1
5990,1,1
5991,1,1
5992,0,0
5993,0,1
5994,1,1
5995,0,0
5996,0,0
5997,1,1
5998,1,1
5999,1,1
6000,1,1
6001,1,1
6002,0,0
6003,0,0
6004,1,1
6005,0,0
6006,1,1
6007,1,1
6008,0,0
6009,0,0
6010,1,1
6011,1,1
6012,0,0
6013,1,1
6014,0,1
6015,0,0
6016,1,1
6017,1,1
6018,1,1
6019,1,0
6020,0,0
6021,0,0
6022,0,0
6023,0,0
6024,0,0
6025,1,0
6026,0,0
6027,0,0
6028,1,1
6029,1,1
6030,1,1
6031,1,1
6032,0,0
6033,0,0
6034,0,0
6035,0,0
6036,0,0
6037,1,1
6038,1,1
6039,1,1
6040,1,1
6041,0,0
6042,0,0
6043,1,1
6044,0,0
6045,1,1
6046,0,0
6047,1,1
6048,0,0
6049,0,1
6050,1,1
6051,1,1
6052,0,0
6053,0,0
6054,1,1
6055,1,1
6056,0,0
6057,1,1
6058,0,0
6059,0,0
6060,1,1
6061,0,1
6062,1,1
6063,1,1
6064,0,0
6065,0,0
6066,1,1
6067,1,1
6068,0,0
6069,1,1
6070,1,1
6071,1,1
6072,1,1
6073,0,0
6074,0,0
6075,1,0
6076,1,1
6077,1,1
6078,1,1
6079,0,0
6080,0,0
6081,0,0
6082,0,0
6083,1,1
6084,0,0
6085,0,0
6086,1,1
6087,1,1
6088,0,0
6089,0,1
6090,0,0
6091,1,1
6092,0,0
6093,1,1
6094,0,0
6095,1,1
6096,0,0
6097,1,1
6098,1,1
6099,0,1
6100,1,0
6101,1,1
6102,0,0
6103,0,0
6104,1,1
6105,1,1
6106,1,1
6107,0,0
6108,1,1
6109,1,0
6110,0,0
6111,1,1
6112,1,1
6113,0,0
6114,0,0
6115,1,1
6116,0,0
6117,0,0
6118,1,0
6119,0,0
6120,1,1
6121,0,0
6122,1,1
6123,0,0
6124,1,1
6125,0,0
6126,0,0
6127,0,0
6128,0,0
6129,0,0
6130,1,1
6131,0,0
6132,1,1
6133,0,0
6134,1,1
6135,1,1
6136,0,0
6137,0,0
6138,0,0
6139,0,0
6140,0,0
6141,1,1
6142,1,1
6143,1,1
6144,0,0
6145,1,0
6146,0,0
6147,0,0
6148,0,0
6149,0,0
6150,0,0
6151,0,0
6152,1,1
6153,1,1
6154,0,0
6155,0,0
6156,0,0
6157,0,0
6158,1,1
6159,0,0
6160,1,1
6161,0,0
6162,0,0
6163,0,0
6164,1,1
6165,0,0
6166,1,1
6167,0,0
6168,0,0
6169,0,0
6170,0,0
6171,0,0
6172,1,1
6173,1,1
6174,0,0
6175,1,1
6176,1,1
6177,1,1
6178,1,1
6179,1,1
6180,1,1
6181,0,0
6182,0,0
6183,1,1
6184,0,0
6185,0,0
6186,0,0
6187,0,0
6188,0,0
6189,1,0
6190,1,1
6191,0,0
6192,1,1
6193,0,0
6194,1,1
6195,0,0
6196,1,1
6197,1,1
6198,0,1
6199,0,0
6200,1,1
6201,0,0
6202,0,0
6203,0,0
6204,1,1
6205,1,1
6206,1,1
6207,1,1
6208,0,0
6209,1,1
6210,0,0
6211,0,0
6212,0,0
6213,1,1
6214,1,1
6215,0,0
6216,1,1
6217,1,1
6218,1,1
6219,1,1
6220,1,1
6221,1,1
6222,1,1
6223,0,0
6224,1,1
6225,1,1
6226,1,1
6227,0,0
6228,0,0
6229,1,1
6230,1,1
6231,1,1
6232,0,0
6233,1,1
6234,0,0
6235,0,0
6236,0,0
6237,1,1
6238,0,0
6239,1,0
6240,0,0
6241,0,0
6242,0,0
6243,1,1
6244,1,0
6245,1,1
6246,1,1
6247,1,1
6248,1,1
6249,0,0
6250,1,1
6251,1,0
6252,1,1
6253,1,1
6254,0,0
6255,1,1
6256,1,1
6257,0,0
6258,0,0
6259,1,1
6260,1,1
6261,1,1
6262,0,0
6263,1,1
6264,0,0
6265,1,1
6266,0,0
6267,0,0
6268,1,1
6269,1,1
6270,1,1
6271,0,0
6272,1,1
6273,0,0
6274,0,0
6275,0,0
6276,1,1
6277,0,0
6278,0,0
6279,1,0
6280,1,1
6281,1,1
6282,0,0
6283,1,1
6284,1,1
6285,1,0
6286,0,0
6287,1,1
6288,1,1
6289,1,1
6290,1,1
6291,0,1
6292,1,1
6293,0,0
6294,0,0
6295,1,1
6296,1,1
6297,1,1
6298,0,0
6299,0,0
6300,0,0
6301,0,0
6302,1,1
6303,0,0
6304,0,0
6305,1,1
6306,1,1
6307,1,1
6308,0,0
6309,0,0
6310,1,1
6311,1,1
6312,0,0
6313,1,0
6314,1,1
6315,0,0
6316,1,1
6317,0,0
6318,0,0
6319,1,1
6320,0,0
6321,0,0
6322,1,1
6323,0,0
6324,1,1
6325,0,0
6326,0,0
6327,1,1
6328,1,1
6329,0,0
6330,1,1
6331,1,1
6332,0,0
6333,0,0
6334,0,0
6335,1,1
6336,1,1
6337,1,1
6338,0,0
6339,0,0
6340,1,1
6341,1,1
6342,0,1
6343,1,1
6344,1,1
6345,1,1
6346,1,1
6347,1,1
6348,0,0
6349,0,0
6350,0,0
6351,0,0
6352,0,0
6353,0,0
6354,1,1
6355,1,1
6356,0,0
6357,1,1
6358,1,1
6359,0,0
6360,1,0
6361,0,0
6362,1,1
6363,0,0
6364,1,1
6365,0,0
6366,1,1
6367,1,1
6368,1,1
6369,0,0
6370,0,1
6371,0,0
6372,1,1
6373,0,0
6374,0,0
6375,0,0
6376,1,1
6377,0,1
6378,0,0
6379,1,0
6380,1,1
6381,0,0
6382,0,0
6383,1,0
6384,1,1
6385,0,0
6386,1,1
6387,0,0
6388,0,0
6389,1,1
6390,1,1
6391,1,1
6392,1,1
6393,0,0
6394,0,0
6395,1,1
6396,1,0
6397,0,0
6398,0,0
6399,0,1
6400,0,0
6401,0,0
6402,1,0
6403,0,0
6404,0,0
6405,0,0
6406,1,1
6407,1,1
6408,1,1
6409,0,0
6410,1,0
6411,1,1
6412,0,0
6413,0,0
6414,1,1
6415,0,0
6416,0,0
6417,0,0
6418,1,1
6419,0,0
6420,0,0
6421,0,1
6422,1,1
6423,1,1
6424,1,1
6425,1,1
6426,0,0
6427,1,1
6428,0,1
6429,1,0
6430,1,0
6431,0,0
6432,0,0
6433,1,1
6434,0,0
6435,1,0
6436,1,1
6437,1,1
6438,0,1
6439,0,0
6440,1,0
6441,0,0
6442,1,1
6443,1,1
6444,0,0
6445,1,1
6446,0,0
6447,0,1
6448,0,0
6449,1,1
6450,0,0
6451,1,1
6452,1,1
6453,0,0
6454,1,1
6455,0,0
6456,0,1
6457,1,1
6458,0,0
6459,1,1
6460,0,0
6461,0,0
6462,0,0
6463,1,1
6464,1,1
6465,0,0
6466,0,0
6467,1,1
6468,1,1
6469,1,1
6470,0,0
6471,1,1
6472,0,0
6473,0,0
6474,0,0
6475,0,0
6476,1,0
6477,1,1
6478,1,1
6479,0,0
6480,0,0
6481,0,0
6482,1,1
6483,0,0
6484,1,0
6485,1,0
6486,1,1
6487,1,0
6488,1,1
6489,0,0
6490,0,0
6491,0,0
6492,0,0
6493,0,0
6494,0,0
6495,1,1
6496,0,0
6497,0,0
6498,0,0
6499,1,1
6500,0,0
6501,1,1
6502,0,0
6503,1,1
6504,0,0
6505,0,0
6506,1,1
6507,0,0
6508,0,0
6509,1,1
6510,0,0
6511,0,0
6512,0,0
6513,0,0
6514,0,0
6515,1,1
6516,1,1
6517,0,0
6518,1,0
6519,0,0
6520,0,0
6521,1,1
6522,1,1
6523,1,1
6524,0,0
6525,1,1
6526,1,0
6527,0,0
6528,0,0
6529,0,0
6530,1,1
6531,1,1
6532,0,0
6533,1,1
6534,1,1
6535,1,1
6536,1,1
6537,1,1
6538,0,0
6539,0,1
6540,0,0
6541,1,1
6542,0,0
6543,0,0
6544,0,0
6545,1,0
6546,0,0
6547,0,0
6548,1,0
6549,0,0
6550,1,1
6551,1,1
6552,0,0
6553,1,1
6554,1,1
6555,0,0
6556,1,1
6557,1,1
6558,1,1
6559,0,0
6560,1,1
6561,0,0
6562,0,0
6563,1,1
6564,1,1
6565,1,1
6566,1,0
6567,0,0
6568,0,0
6569,0,0
6570,0,0
6571,0,0
6572,1,1
6573,1,1
6574,1,1
6575,1,1
6576,1,0
6577,1,1
6578,1,1
6579,1,1
6580,1,1
6581,1,1
6582,1,1
6583,1,1
6584,1,1
6585,1,1
6586,1,0
6587,0,0
6588,1,1
6589,0,0
6590,0,0
6591,1,0
6592,0,0
6593,0,0
6594,0,1
6595,1,1
6596,0,0
6597,1,1
6598,0,0
6599,0,0
6600,1,1
6601,1,1
6602,1,1
6603,0,0
6604,0,0
6605,1,1
6606,1,1
6607,1,1
6608,1,1
6609,0,0
6610,1,1
6611,1,0
6612,0,0
6613,0,0
6614,1,1
6615,1,1
6616,1,1
6617,0,0
6618,0,0
6619,1,1
6620,1,1
6621,0,0
6622,0,0
6623,1,1
6624,1,0
6625,0,0
6626,1,1
6627,1,0
6628,0,0
6629,1,1
6630,1,0
6631,0,0
6632,0,0
6633,0,0
6634,0,0
6635,1,1
6636,0,0
6637,0,0
6638,0,0
6639,1,1
6640,1,1
6641,0,0
6642,1,1
6643,0,0
6644,1,1
6645,0,0
6646,0,0
6647,1,1
6648,1,1
6649,0,0
6650,1,1
6651,1,1
6652,0,0
6653,1,1
6654,0,0
6655,0,0
6656,1,1
6657,0,0
6658,0,0
6659,1,0
6660,0,0
6661,0,0
6662,0,0
6663,1,1
6664,0,0
6665,1,1
6666,1,1
6667,1,1
6668,1,1
6669,0,0
6670,1,1
6671,1,1
6672,0,0
6673,0,0
6674,1,1
6675,1,1
6676,1,1
6677,0,0
6678,1,1
6679,0,0
6680,0,0
6681,1,1
6682,0,0
6683,0,0
6684,0,0
6685,0,0
6686,1,1
6687,1,1
6688,1,0
6689,0,0
6690,0,0
6691,1,0
6692,0,0
6693,1,1
6694,1,1
6695,1,1
6696,1,1
6697,1,1
6698,0,0
6699,1,1
6700,1,0
6701,1,1
6702,1,1
6703,0,0
6704,1,1
6705,0,0
6706,1,1
6707,1,0
6708,0,0
6709,1,1
6710,0,0
6711,0,0
6712,1,0
6713,1,1
6714,0,0
6715,0,0
6716,1,1
6717,1,1
6718,0,0
6719,1,1
6720,1,1
6721,0,0
6722,0,1
6723,0,0
6724,1,1
6725,1,1
6726,0,0
6727,0,1
6728,0,0
6729,1,1
6730,1,1
6731,0,0
6732,1,1
6733,0,0
6734,1,1
6735,0,0
6736,1,1
6737,0,0
6738,1,1
6739,1,1
6740,1,1
6741,1,1
6742,1,1
6743,1,0
6744,0,0
6745,0,0
6746,1,1
6747,1,1
6748,0,0
6749,0,0
6750,0,0
6751,1,0
6752,1,1
6753,0,0
6754,0,0
6755,1,1
6756,1,1
6757,1,1
6758,1,1
6759,1,1
6760,1,1
6761,0,0
6762,0,0
6763,1,1
6764,0,0
6765,0,0
6766,1,1
6767,0,0
6768,0,0
6769,0,0
6770,1,1
6771,0,0
6772,1,1
6773,0,0
6774,0,0
6775,0,0
6776,1,1
6777,1,1
6778,0,0
6779,1,1
6780,1,1
6781,0,0
6782,1,1
6783,0,0
6784,0,0
6785,0,0
6786,0,0
6787,1,1
6788,1,1
6789,0,0
6790,1,1
6791,1,1
6792,1,1
6793,1,0
6794,0,0
6795,0,0
6796,0,1
6797,0,0
6798,0,0
6799,0,0
6800,1,1
6801,1,1
6802,0,0
6803,1,0
6804,1,1
6805,0,1
6806,1,0
6807,0,0
6808,0,0
6809,1,1
6810,1,1
6811,1,1
6812,0,0
6813,1,0
6814,1,1
6815,1,1
6816,1,0
6817,1,1
6818,1,1
6819,1,0
6820,1,1
6821,1,1
6822,0,0
6823,0,0
6824,0,0
6825,0,0
6826,1,1
6827,0,0
6828,0,0
6829,0,0
6830,0,0
6831,1,0
6832,1,1
6833,0,1
6834,1,1
6835,1,1
6836,0,0
6837,1,1
6838,1,1
6839,1,1
6840,0,0
6841,1,0
6842,1,1
6843,1,1
6844,0,0
6845,0,0
6846,1,1
6847,1,1
6848,1,1
6849,0,0
6850,0,0
6851,1,1
6852,1,1
6853,1,1
6854,0,0
6855,1,0
6856,1,1
6857,1,1
6858,1,0
6859,1,1
6860,1,1
6861,0,0
6862,0,0
6863,1,1
6864,0,0
6865,0,0
6866,1,1
6867,1,1
6868,1,1
6869,0,0
6870,0,0
6871,1,1
6872,1,1
6873,1,1
6874,1,1
6875,0,0
6876,0,0
6877,0,0
6878,1,0
6879,1,1
6880,1,1
6881,1,1
6882,0,0
6883,0,0
6884,0,0
6885,1,1
6886,0,0
6887,0,0
6888,1,1
6889,1,1
6890,1,0
6891,1,1
6892,1,1
6893,1,1
6894,1,0
6895,1,1
6896,0,0
6897,0,1
6898,0,0
6899,0,0
6900,0,0
6901,0,0
6902,0,0
6903,0,0
6904,0,0
6905,1,1
6906,1,1
6907,1,1
6908,1,1
6909,1,1
6910,0,0
6911,1,1
6912,1,1
6913,0,1
6914,1,1
6915,0,0
6916,0,0
6917,0,0
6918,1,1
6919,0,0
6920,1,1
6921,1,1
6922,0,0
6923,0,0
6924,1,1
6925,1,1
6926,0,0
6927,1,1
6928,1,1
6929,0,0
6930,1,1
6931,1,1
6932,1,0
6933,1,1
6934,0,0
6935,1,1
6936,0,0
6937,0,0
6938,1,1
6939,0,0
6940,1,1
6941,1,1
6942,0,1
6943,1,1
6944,1,1
6945,0,0
6946,1,1
6947,0,0
6948,0,0
6949,1,1
6950,1,1
6951,1,1
6952,1,1
6953,0,0
6954,0,0
6955,0,1
6956,0,0
6957,0,0
6958,0,0
6959,1,1
6960,0,0
6961,0,0
6962,1,0
6963,1,1
6964,1,1
6965,0,0
6966,1,1
6967,0,0
6968,1,1
6969,0,0
6970,0,0
6971,1,1
6972,1,1
6973,0,0
6974,1,1
6975,1,1
6976,1,0
6977,1,1
6978,0,0
6979,0,0
6980,0,1
6981,0,0
6982,1,1
6983,1,1
6984,1,0
6985,1,0
6986,0,0
6987,0,0
6988,1,1
6989,1,1
6990,0,0
6991,0,0
6992,1,1
6993,1,1
6994,1,1
6995,1,1
6996,0,0
6997,0,0
6998,0,0
6999,0,0
7000,1,1
7001,1,1
7002,1,1
7003,0,0
7004,1,1
7005,1,1
7006,1,1
7007,0,0
7008,1,0
7009,0,0
7010,1,1
7011,0,0
7012,1,1
7013,0,0
7014,1,1
7015,1,1
7016,1,1
7017,1,1
7018,1,1
7019,0,0
7020,0,0
7021,1,1
7022,1,1
7023,1,1
7024,1,1
7025,0,1
7026,1,1
7027,1,0
7028,0,0
7029,1,0
7030,1,0
7031,0,0
7032,1,1
7033,0,0
7034,1,0
7035,1,1
7036,0,0
7037,1,1
7038,1,1
7039,1,1
7040,1,1
7041,0,0
7042,1,1
7043,1,1
7044,1,1
7045,1,1
7046,1,1
7047,0,0
7048,0,0
7049,1,1
7050,0,0
7051,1,0
7052,0,0
7053,0,0
7054,1,1
7055,0,0
7056,1,0
7057,0,0
7058,1,1
7059,1,1
7060,1,1
7061,1,1
7062,0,0
7063,0,0
7064,1,1
7065,1,0
7066,0,0
7067,1,1
7068,0,0
7069,0,0
7070,0,0
7071,1,1
7072,1,1
7073,0,0
7074,1,1
7075,1,1
7076,1,0
7077,1,1
7078,1,1
7079,1,1
7080,0,0
7081,0,0
7082,0,0
7083,0,0
7084,1,1
7085,1,0
7086,0,0
7087,1,0
7088,0,0
7089,0,0
7090,1,1
7091,1,1
7092,1,1
7093,1,1
7094,0,0
7095,1,1
7096,1,1
7097,1,1
7098,0,0
7099,1,1
7100,1,1
7101,0,0
7102,1,1
7103,0,0
7104,1,1
7105,0,0
7106,1,1
7107,1,1
7108,1,1
7109,1,1
7110,1,1
7111,1,1
7112,1,0
7113,1,0
7114,1,1
7115,0,0
7116,1,1
7117,1,1
7118,0,0
7119,0,0
7120,1,1
7121,1,1
7122,1,1
7123,0,0
7124,0,0
7125,1,1
7126,0,0
7127,0,1
7128,0,0
7129,0,0
7130,1,1
7131,0,0
7132,1,1
7133,1,1
7134,0,0
7135,1,1
7136,0,0
7137,0,0
7138,1,1
7139,1,0
7140,0,0
7141,1,1
7142,1,1
7143,0,0
7144,1,1
7145,1,1
7146,1,0
7147,1,1
7148,0,0
7149,0,0
7150,0,0
7151,0,0
7152,1,0
7153,0,0
7154,0,0
7155,0,0
7156,1,1
7157,1,1
7158,0,0
7159,0,0
7160,0,0
7161,0,0
7162,0,0
7163,1,1
7164,1,1
7165,0,0
7166,0,0
7167,1,1
7168,1,1
7169,1,1
7170,1,1
7171,1,1
7172,1,1
7173,0,0
7174,0,0
7175,1,1
7176,1,1
7177,1,1
7178,1,0
7179,1,1
7180,1,1
7181,0,0
7182,1,1
7183,0,0
7184,0,0
7185,0,0
7186,1,0
7187,1,0
7188,1,1
7189,0,0
7190,0,0
7191,0,0
7192,1,1
7193,1,0
7194,1,1
7195,0,0
7196,0,0
7197,1,1
7198,1,1
7199,1,1
7200,1,1
7201,1,1
7202,0,0
7203,1,1
7204,0,0
7205,1,1
7206,0,0
7207,1,1
7208,0,0
7209,1,1
7210,1,1
7211,1,1
7212,0,0
7213,0,0
7214,1,1
7215,1,1
7216,0,0
7217,0,0
7218,0,0
7219,0,0
7220,1,1
7221,0,0
7222,1,1
7223,0,0
7224,1,1
7225,1,1
7226,1,1
7227,0,0
7228,0,0
7229,0,0
7230,1,1
7231,0,0
7232,1,0
7233,1,1
7234,0,0
7235,0,0
7236,0,0
7237,0,0
7238,1,1
7239,1,1
7240,1,1
7241,0,0
7242,0,0
7243,1,1
7244,1,0
7245,1,1
7246,0,0
7247,0,0
7248,0,0
7249,1,1
7250,1,1
7251,0,0
7252,0,0
7253,0,1
7254,1,0
7255,1,1
7256,0,0
7257,0,0
7258,0,0
7259,1,1
7260,1,1
7261,1,1
7262,1,1
7263,1,1
7264,1,0
7265,0,1
7266,0,0
7267,1,1
7268,1,1
7269,1,1
7270,1,1
7271,1,1
7272,1,1
7273,0,0
7274,1,1
7275,1,0
7276,0,0
7277,0,0
7278,1,1
7279,1,1
7280,0,0
7281,1,1
7282,0,0
7283,1,0
7284,1,1
7285,1,1
7286,1,1
7287,1,1
7288,0,0
7289,0,0
7290,1,0
7291,1,1
7292,1,1
7293,1,1
7294,0,0
7295,0,0
7296,0,0
7297,1,1
7298,0,0
7299,1,0
7300,1,1
7301,1,1
7302,1,1
7303,0,0
7304,0,0
7305,1,1
7306,0,1
7307,0,1
7308,1,1
7309,1,1
7310,1,0
7311,1,1
7312,1,1
7313,0,0
7314,1,0
7315,0,0
7316,1,1
7317,0,1
7318,1,1
7319,1,0
7320,1,0
7321,1,1
7322,0,0
7323,1,1
7324,1,1
7325,1,1
7326,1,1
7327,1,1
7328,1,0
7329,1,1
7330,1,1
7331,0,0
7332,1,1
7333,0,0
7334,1,1
7335,0,0
7336,0,0
7337,1,1
7338,1,1
7339,0,0
7340,1,1
7341,0,0
7342,1,0
7343,1,1
7344,1,0
7345,1,0
7346,1,1
7347,1,1
7348,0,0
7349,1,0
7350,1,1
7351,0,0
7352,0,0
7353,1,0
7354,1,1
7355,1,1
7356,1,1
7357,1,1
7358,1,0
7359,1,1
7360,1,1
7361,1,1
7362,1,1
7363,1,1
7364,1,0
7365,1,1
7366,0,0
7367,0,0
7368,0,0
7369,1,1
7370,1,1
7371,1,1
7372,0,0
7373,1,1
7374,1,1
7375,1,1
7376,1,1
7377,0,0
7378,1,1
7379,0,0
7380,1,1
7381,0,0
7382,1,1
7383,1,1
7384,1,0
7385,1,1
7386,0,0
7387,1,1
7388,1,1
7389,1,1
7390,1,1
7391,0,0
7392,1,1
7393,1,0
7394,1,1
7395,0,0
7396,0,0
7397,0,0
7398,1,1
7399,1,1
7400,0,0
7401,1,1
7402,1,1
7403,1,1
7404,1,1
7405,0,0
7406,1,1
7407,0,0
7408,0,0
7409,1,1
7410,0,0
7411,1,1
7412,0,0
7413,0,0
7414,1,1
7415,0,0
7416,0,0
7417,1,1
7418,1,1
7419,0,0
7420,1,1
7421,0,0
7422,1,1
7423,0,0
7424,0,0
7425,0,0
7426,0,0
7427,1,1
7428,1,1
7429,0,0
7430,1,1
7431,0,0
7432,0,0
7433,0,0
7434,1,1
7435,1,1
7436,1,1
7437,1,0
7438,1,1
7439,1,0
7440,1,1
7441,0,0
7442,1,1
7443,0,0
7444,0,0
7445,1,1
7446,1,1
7447,0,0
7448,1,1
7449,1,1
7450,1,1
7451,0,0
7452,1,1
7453,1,1
7454,1,0
7455,1,1
7456,0,0
7457,0,0
7458,0,0
7459,1,1
7460,1,1
7461,1,1
7462,0,0
7463,1,1
7464,1,1
7465,0,0
7466,1,1
7467,0,0
7468,0,0
7469,0,0
7470,0,0
7471,0,0
7472,1,1
7473,0,0
7474,1,1
7475,0,0
7476,1,1
7477,0,0
7478,1,1
7479,0,0
7480,1,1
7481,0,0
7482,1,1
7483,1,1
7484,0,0
7485,0,0
7486,1,1
7487,1,1
7488,1,1
7489,0,0
7490,0,0
7491,0,0
7492,0,0
7493,1,1
7494,1,1
7495,0,0
7496,0,0
7497,1,1
7498,0,0
7499,1,1
7500,0,0
7501,1,1
7502,0,0
7503,1,0
7504,1,0
7505,1,0
7506,1,1
7507,1,1
7508,0,0
7509,0,0
7510,1,1
7511,1,1
7512,0,1
7513,0,0
7514,1,1
7515,0,0
7516,0,1
7517,1,1
7518,1,1
7519,0,0
7520,1,1
7521,0,0
7522,1,0
7523,0,0
7524,1,1
7525,0,0
7526,0,0
7527,0,0
7528,0,0
7529,0,0
7530,0,0
7531,1,1
7532,0,0
7533,1,1
7534,1,1
7535,1,1
7536,0,1
7537,0,0
7538,1,1
7539,1,1
7540,0,0
7541,0,0
7542,1,1
7543,0,0
7544,1,1
7545,1,1
7546,1,1
7547,1,1
7548,0,0
7549,1,1
7550,1,1
7551,0,0
7552,0,0
7553,0,0
7554,1,1
7555,1,1
7556,1,1
7557,1,1
7558,0,0
7559,0,1
7560,0,0
7561,0,0
7562,0,0
7563,1,1
7564,1,1
7565,1,0
7566,1,1
7567,1,1
7568,1,0
7569,1,1
7570,1,1
7571,0,0
7572,0,0
7573,0,0
7574,1,1
7575,1,1
7576,1,1
7577,0,0
7578,1,1
7579,0,0
7580,0,0
7581,1,1
7582,0,0
7583,1,1
7584,1,1
7585,1,1
7586,1,1
7587,1,1
7588,0,0
7589,1,1
7590,1,1
7591,1,1
7592,1,1
7593,1,1
7594,0,0
7595,1,0
7596,1,1
7597,1,1
7598,1,1
7599,0,1
7600,1,1
7601,0,0
7602,1,1
7603,0,1
7604,0,0
7605,1,1
7606,1,0
7607,1,1
7608,1,1
7609,0,0
7610,1,1
7611,1,1
7612,1,1
7613,1,1
7614,1,0
7615,1,1
7616,0,0
7617,0,0
7618,1,1
7619,0,0
7620,1,1
7621,0,0
7622,1,1
7623,0,0
7624,1,0
7625,1,1
7626,0,0
7627,0,1
7628,0,0
7629,1,1
7630,1,0
7631,1,1
7632,1,0
7633,1,1
7634,0,1
7635,0,0
7636,1,1
7637,0,0
7638,0,0
7639,0,0
7640,1,1
7641,1,1
7642,1,1
7643,0,0
7644,1,1
7645,1,1
7646,1,1
7647,1,1
7648,1,1
7649,0,0
7650,0,0
7651,0,0
7652,1,1
7653,1,1
7654,1,1
7655,1,1
7656,1,1
7657,0,0
7658,1,1
7659,0,0
7660,0,0
7661,1,1
7662,0,0
7663,1,0
7664,1,1
7665,1,1
7666,1,1
7667,1,1
7668,0,0
7669,1,1
7670,0,0
7671,1,1
7672,1,1
7673,1,1
7674,0,0
7675,1,1
7676,1,1
7677,1,0
7678,1,1
7679,1,1
7680,1,1
7681,0,0
7682,0,0
7683,1,1
7684,0,0
7685,1,1
7686,0,0
7687,1,1
7688,1,1
7689,1,1
7690,0,0
7691,0,0
7692,1,1
7693,0,1
7694,1,1
7695,0,0
7696,1,1
7697,1,1
7698,0,0
7699,1,1
7700,1,1
7701,0,0
7702,1,1
7703,1,0
7704,0,0
7705,0,0
7706,1,1
7707,0,0
7708,1,1
7709,1,0
7710,0,1
7711,1,1
7712,1,1
7713,0,0
7714,0,0
7715,0,0
7716,1,0
7717,1,1
7718,0,0
7719,1,1
7720,0,0
7721,0,0
7722,1,1
7723,0,1
7724,1,1
7725,0,0
7726,1,1
7727,0,0
7728,1,0
7729,1,1
7730,1,1
7731,1,1
7732,1,1
7733,0,0
7734,0,0
7735,0,0
7736,1,1
7737,1,1
7738,0,0
7739,0,0
7740,0,0
7741,0,0
7742,0,0
7743,1,1
7744,0,0
7745,1,1
7746,1,1
7747,1,1
7748,1,0
7749,0,0
7750,0,0
7751,0,0
7752,1,0
7753,0,0
7754,0,0
7755,0,0
7756,1,1
7757,1,1
7758,0,0
7759,1,1
7760,1,1
7761,1,1
7762,1,1
7763,0,0
7764,1,1
7765,0,0
7766,1,1
7767,0,0
7768,1,1
7769,1,1
7770,1,1
7771,1,1
7772,1,1
7773,1,1
7774,1,1
7775,0,0
7776,1,0
7777,1,0
7778,1,1
7779,0,0
7780,1,1
7781,1,1
7782,0,0
7783,1,1
7784,0,0
7785,1,1
7786,0,0
7787,0,0
7788,1,1
7789,1,1
7790,0,0
7791,0,0
7792,0,0
7793,1,1
7794,1,1
7795,1,1
7796,1,0
7797,1,1
7798,1,1
7799,0,0
7800,1,1
7801,0,0
7802,1,0
7803,0,0
7804,0,0
7805,1,1
7806,1,0
7807,1,1
7808,0,0
7809,1,1
7810,0,0
7811,1,1
7812,1,1
7813,1,1
7814,0,0
7815,1,0
7816,0,0
7817,1,1
7818,1,0
7819,0,0
7820,0,0
7821,1,0
7822,1,1
7823,0,0
7824,0,0
7825,0,0
7826,1,0
7827,0,0
7828,0,0
7829,1,1
7830,1,1
7831,0,0
7832,1,1
7833,1,1
7834,0,1
7835,0,0
7836,0,0
7837,0,0
7838,1,1
7839,1,0
7840,1,1
7841,1,1
7842,1,1
7843,1,1
7844,0,0
7845,0,0
7846,1,1
7847,1,1
7848,1,1
7849,0,0
7850,0,0
7851,0,0
7852,1,1
7853,0,0
7854,1,1
7855,1,1
7856,1,1
7857,0,0
7858,0,0
7859,1,1
7860,0,0
7861,1,1
7862,0,0
7863,1,1
7864,0,0
7865,0,0
7866,0,0
7867,1,1
7868,0,0
7869,1,1
7870,1,1
7871,0,0
7872,0,0
7873,0,0
7874,1,1
7875,1,1
7876,1,1
7877,1,1
7878,1,1
7879,0,0
7880,0,0
7881,0,0
7882,0,0
7883,1,1
7884,0,0
7885,1,1
7886,1,0
7887,0,0
7888,0,0
7889,1,1
7890,0,0
7891,1,1
7892,1,1
7893,0,0
7894,1,1
7895,1,0
7896,1,1
7897,0,0
7898,0,0
7899,1,1
7900,0,0
7901,0,0
7902,1,1
7903,0,0
7904,0,0
7905,1,1
7906,0,0
7907,0,0
7908,0,0
7909,0,0
7910,1,1
7911,0,0
7912,1,1
7913,1,1
7914,0,0
7915,1,1
7916,0,0
7917,0,0
7918,1,1
7919,1,1
7920,1,1
7921,1,1
7922,0,0
7923,1,1
7924,0,0
7925,0,0
7926,0,0
7927,1,1
7928,1,1
7929,0,0
7930,1,1
7931,0,0
7932,1,1
7933,1,1
7934,1,1
7935,1,1
7936,1,0
7937,1,1
7938,0,0
7939,0,0
7940,0,0
7941,1,1
7942,1,1
7943,0,0
7944,0,0
7945,1,1
7946,0,0
7947,0,0
7948,0,0
7949,0,0
7950,0,0
7951,1,1
7952,0,0
7953,0,0
7954,0,0
7955,0,1
7956,0,0
7957,1,1
7958,1,1
7959,1,1
7960,0,0
7961,1,1
7962,1,1
7963,1,0
7964,1,1
7965,1,1
7966,1,0
7967,1,1
7968,0,1
7969,0,0
7970,1,1
7971,1,1
7972,1,1
7973,1,1
7974,0,1
7975,1,0
7976,1,1
7977,0,0
7978,1,1
7979,0,0
7980,1,1
7981,0,0
7982,1,1
7983,1,1
7984,1,1
7985,1,1
7986,0,0
7987,0,0
7988,0,0
7989,1,1
7990,1,1
7991,1,1
7992,1,0
7993,0,0
7994,1,1
7995,0,0
7996,1,1
7997,1,1
7998,1,1
7999,0,1
8000,1,1
8001,1,1
8002,1,1
8003,0,0
8004,1,1
8005,1,1
8006,1,1
8007,0,0
8008,1,1
8009,0,0
8010,0,0
8011,1,0
8012,1,1
8013,0,0
8014,1,0
8015,1,1
8016,1,1
8017,0,1
8018,0,0
8019,0,0
8020,0,0
8021,1,1
8022,1,1
8023,0,0
8024,1,0
8025,0,0
8026,0,0
8027,1,1
8028,0,0
8029,0,0
8030,1,1
8031,1,1
8032,0,1
8033,1,1
8034,1,1
8035,1,1
8036,1,1
8037,1,0
8038,1,1
8039,0,0
8040,0,0
8041,0,0
8042,1,1
8043,1,1
8044,0,1
8045,1,1
8046,0,0
8047,1,1
8048,0,0
8049,1,0
8050,0,0
8051,1,1
8052,1,1
8053,0,1
8054,1,1
8055,1,0
8056,0,0
8057,1,1
8058,0,0
8059,1,1
8060,1,0
8061,1,1
8062,1,1
8063,0,1
8064,1,0
8065,1,1
8066,0,0
8067,1,1
8068,1,1
8069,0,0
8070,1,1
8071,1,1
8072,1,1
8073,1,0
8074,0,0
8075,0,0
8076,1,1
8077,1,1
8078,1,1
8079,0,0
8080,1,1
8081,1,1
8082,0,0
8083,0,0
8084,0,0
8085,1,0
8086,1,1
8087,1,1
8088,1,0
8089,1,1
8090,0,0
8091,0,0
8092,1,1
8093,0,0
8094,0,0
8095,1,1
8096,1,1
8097,1,1
8098,0,0
8099,1,1
8100,1,0
8101,0,0
8102,1,1
8103,0,1
8104,1,1
8105,0,0
8106,1,1
8107,1,1
8108,0,1
8109,0,0
8110,1,1
8111,1,0
8112,1,1
8113,1,0
8114,1,1
8115,0,0
8116,0,0
8117,1,1
8118,0,0
8119,1,1
8120,1,1
8121,0,1
8122,0,0
8123,0,1
8124,1,1
8125,1,0
8126,1,1
8127,0,0
8128,1,1
8129,0,0
8130,1,1
8131,1,1
8132,1,0
8133,1,1
8134,0,0
8135,0,0
8136,1,1
8137,0,0
8138,1,1
8139,0,1
8140,0,0
8141,1,1
8142,0,0
8143,0,0
8144,0,0
8145,1,1
8146,1,1
8147,1,0
8148,1,1
8149,1,1
8150,0,0
8151,0,0
8152,1,1
8153,1,1
8154,1,0
8155,1,1
8156,0,0
8157,1,1
8158,0,0
8159,0,0
8160,1,1
8161,0,0
8162,0,0
8163,1,0
8164,0,0
8165,1,1
8166,1,1
8167,1,1
8168,1,1
8169,1,1
8170,1,1
8171,1,1
8172,0,0
8173,0,0
8174,1,1
8175,1,1
8176,1,0
8177,0,0
8178,1,1
8179,1,1
8180,0,0
8181,1,1
8182,0,1
8183,1,1
8184,0,0
8185,1,1
8186,1,1
8187,1,0
8188,0,0
8189,1,1
8190,0,0
8191,1,0
8192,1,1
8193,0,0
8194,0,1
8195,0,0
8196,1,1
8197,1,1
8198,1,1
8199,1,1
8200,0,0
8201,1,1
8202,0,0
8203,1,1
8204,0,0
8205,1,1
8206,1,1
8207,1,1
8208,1,1
8209,1,1
8210,1,1
8211,1,1
8212,0,0
8213,1,1
8214,1,1
8215,0,0
8216,1,1
8217,0,0
8218,1,1
8219,0,0
8220,1,1
8221,0,0
8222,1,1
8223,0,0
8224,0,0
8225,1,1
8226,1,1
8227,0,0
8228,0,0
8229,0,0
8230,1,1
8231,1,0
8232,1,1
8233,0,0
8234,1,1
8235,0,0
8236,0,0
8237,1,1
8238,0,1
8239,1,0
8240,1,1
8241,0,0
8242,1,0
8243,0,0
8244,0,0
8245,0,0
8246,1,1
8247,1,1
8248,1,0
8249,1,1
8250,1,1
8251,1,1
8252,1,0
8253,1,1
8254,0,0
8255,0,0
8256,0,0
8257,1,0
8258,0,0
8259,1,1
8260,0,0
8261,0,0
8262,1,1
8263,0,0
8264,0,0
8265,0,0
8266,0,0
8267,0,1
8268,1,0
8269,1,1
8270,1,1
8271,0,0
8272,1,1
8273,0,0
8274,0,0
8275,1,0
8276,1,1
8277,1,1
8278,1,1
8279,1,1
8280,1,0
8281,0,0
8282,1,1
8283,0,0
8284,1,1
8285,1,1
8286,1,0
8287,0,0
8288,1,1
8289,0,0
8290,1,1
8291,0,0
8292,1,1
8293,1,1
8294,0,0
8295,1,1
8296,1,1
8297,0,0
8298,1,1
8299,1,0
8300,1,0
8301,1,1
8302,1,1
8303,0,0
8304,1,1
8305,1,1
8306,0,0
8307,0,0
8308,1,1
8309,1,1
8310,1,1
8311,0,1
8312,1,1
8313,0,0
8314,0,0
8315,1,1
8316,0,0
8317,1,1
8318,1,1
8319,1,1
8320,1,1
8321,0,0
8322,0,0
8323,1,0
8324,1,1
8325,1,1
8326,1,1
8327,0,0
8328,0,0
8329,1,0
8330,0,0
8331,1,1
8332,0,0
8333,1,1
8334,0,0
8335,1,1
8336,1,1
8337,1,1
8338,1,1
8339,1,1
8340,0,0
8341,1,1
8342,1,0
8343,1,1
8344,0,0
8345,1,1
8346,0,0
8347,0,0
8348,1,1
8349,1,1
8350,1,1
8351,1,1
8352,1,1
8353,0,1
8354,0,0
8355,1,1
8356,0,0
8357,0,0
8358,0,0
8359,1,1
8360,1,0
8361,1,1
8362,0,0
8363,1,1
8364,0,0
8365,0,0
8366,0,0
8367,1,1
8368,1,1
8369,0,0
8370,0,0
8371,0,0
8372,0,0
8373,1,1
8374,1,1
8375,0,0
8376,0,0
8377,0,0
8378,0,0
8379,0,0
8380,1,1
8381,1,0
8382,0,0
8383,1,1
8384,1,1
8385,1,0
8386,1,1
8387,1,1
8388,1,1
8389,0,0
8390,1,1
8391,1,1
8392,1,0
8393,0,0
8394,0,0
8395,1,0
8396,0,0
8397,1,1
8398,0,0
8399,1,1
8400,0,0
8401,0,0
8402,0,0
8403,0,0
8404,1,1
8405,1,1
8406,1,1
8407,1,1
8408,1,1
8409,1,1
8410,1,1
8411,1,1
8412,1,1
8413,1,1
8414,0,0
8415,0,0
8416,1,1
8417,0,0
8418,1,0
8419,0,0
8420,1,1
8421,1,1
8422,1,1
8423,0,0
8424,1,1
8425,1,1
8426,1,1
8427,1,0
8428,1,0
8429,1,1
8430,1,1
8431,1,1
8432,0,0
8433,1,1
8434,1,1
8435,0,0
8436,1,1
8437,1,1
8438,1,1
8439,1,1
8440,0,0
8441,0,0
8442,1,1
8443,1,1
8444,0,0
8445,1,0
8446,1,1
8447,1,1
8448,0,0
8449,0,0
8450,0,0
8451,0,0
8452,0,0
8453,1,1
8454,1,1
8455,0,0
8456,0,0
8457,0,0
8458,1,0
8459,0,0
8460,0,0
8461,1,1
8462,1,1
8463,1,1
8464,0,0
8465,1,1
8466,1,1
8467,1,1
8468,0,0
8469,1,1
8470,1,1
8471,0,0
8472,0,0
8473,1,1
8474,1,1
8475,1,1
8476,0,0
8477,0,0
8478,0,0
8479,1,1
8480,1,0
8481,0,0
8482,1,1
8483,1,0
8484,1,1
8485,1,0
8486,0,0
8487,1,1
8488,0,0
8489,1,1
8490,1,1
8491,1,1
8492,0,1
8493,1,0
8494,1,1
8495,0,0
8496,0,0
8497,0,0
8498,0,0
8499,0,1
8500,0,0
8501,1,0
8502,1,1
8503,0,0
8504,1,1
8505,0,0
8506,0,0
8507,1,1
8508,1,1
8509,1,1
8510,1,1
8511,1,1
8512,0,0
8513,1,0
8514,1,1
8515,1,1
8516,1,1
8517,1,1
8518,0,0
8519,0,0
8520,0,0
8521,0,0
8522,1,1
8523,1,1
8524,1,1
8525,1,1
8526,0,0
8527,1,0
8528,1,0
8529,0,0
8530,1,0
8531,1,0
8532,1,1
8533,0,0
8534,0,0
8535,0,0
8536,1,1
8537,1,1
8538,1,1
8539,0,0
8540,1,1
8541,0,0
8542,1,1
8543,1,1
8544,1,1
8545,1,1
8546,0,0
8547,1,1
8548,1,1
8549,0,0
8550,0,0
8551,0,0
8552,0,0
8553,0,0
8554,1,1
8555,0,0
8556,1,0
8557,1,0
8558,1,1
8559,0,0
8560,0,0
8561,1,1
8562,1,1
8563,0,0
8564,1,1
8565,0,0
8566,1,1
8567,1,1
8568,1,1
8569,0,0
8570,0,0
8571,1,1
8572,1,0
8573,1,0
8574,0,0
8575,0,0
8576,0,0
8577,0,0
8578,1,1
8579,0,0
8580,0,0
8581,1,1
8582,1,0
8583,0,0
8584,1,1
8585,1,0
8586,1,1
8587,1,1
8588,1,1
8589,1,1
8590,1,1
8591,0,0
8592,0,0
8593,0,0
8594,1,1
8595,0,0
8596,1,0
8597,0,1
8598,1,1
8599,1,1
8600,1,1
8601,1,1
8602,0,0
8603,1,1
8604,0,0
8605,0,0
8606,1,1
8607,1,1
8608,1,1
8609,0,1
8610,1,1
8611,1,1
8612,1,0
8613,1,1
8614,1,1
8615,1,0
8616,0,0
8617,0,0
8618,1,1
8619,0,0
8620,0,0
8621,0,0
8622,0,1
8623,1,1
8624,0,0
8625,0,0
8626,1,1
8627,1,1
8628,0,0
8629,1,1
8630,1,1
8631,1,1
8632,1,1
8633,1,1
8634,1,1
8635,1,0
8636,0,0
8637,1,1
8638,1,1
8639,0,0
8640,1,0
8641,1,1
8642,1,1
8643,0,1
8644,0,0
8645,1,1
8646,0,0
8647,0,0
8648,1,1
8649,0,1
8650,0,1
8651,1,1
8652,0,0
8653,1,1
8654,1,1
8655,1,0
8656,1,1
8657,1,1
8658,0,0
8659,1,1
8660,0,0
8661,0,0
8662,0,0
8663,1,1
8664,0,0
8665,1,1
8666,0,1
8667,0,0
8668,1,1
8669,0,0
8670,0,0
8671,0,0
8672,0,1
8673,0,0
8674,0,0
8675,1,1
8676,0,0
8677,1,1
8678,1,1
8679,1,1
8680,0,0
8681,1,1
8682,0,0
8683,0,0
8684,1,0
8685,0,0
8686,1,1
8687,0,1
8688,1,1
8689,0,0
8690,0,0
8691,0,0
8692,1,1
8693,1,1
8694,0,0
8695,1,1
8696,1,1
8697,1,1
8698,1,1
8699,1,1
8700,0,0
8701,0,0
8702,0,0
8703,0,0
8704,1,0
8705,1,1
8706,1,1
8707,0,0
8708,0,0
8709,0,0
8710,1,1
8711,0,0
8712,1,1
8713,0,0
8714,0,0
8715,1,1
8716,0,1
8717,1,1
8718,0,0
8719,1,0
8720,0,0
8721,0,0
8722,1,1
8723,0,0
8724,1,1
8725,1,1
8726,0,0
8727,1,1
8728,0,0
8729,0,0
8730,1,0
8731,0,0
8732,0,0
8733,0,0
8734,1,0
8735,1,1
8736,0,1
8737,0,0
8738,0,0
8739,1,1
8740,1,1
8741,0,0
8742,1,1
8743,1,1
8744,1,1
8745,1,1
8746,1,1
8747,0,0
8748,1,1
8749,1,1
8750,0,0
8751,0,0
8752,1,1
8753,1,1
8754,1,0
8755,1,1
8756,1,1
8757,0,0
8758,0,0
8759,0,0
8760,1,1
8761,1,0
8762,1,1
8763,1,1
8764,1,1
8765,0,0
8766,1,1
8767,0,0
8768,1,1
8769,0,0
8770,1,1
8771,1,0
8772,1,1
8773,0,0
8774,0,0
8775,0,0
8776,1,1
8777,1,1
8778,1,1
8779,0,1
8780,0,0
8781,1,1
8782,1,1
8783,1,1
8784,1,0
8785,0,1
8786,0,0
8787,1,1
8788,0,0
8789,1,1
8790,0,0
8791,0,0
8792,1,1
8793,1,1
8794,1,1
8795,0,0
8796,1,1
8797,1,1
8798,0,0
8799,1,0
8800,0,0
8801,1,1
8802,0,0
8803,0,0
8804,1,1
8805,0,0
8806,0,0
8807,0,0
8808,0,0
8809,0,0
8810,0,0
8811,1,1
8812,1,1
8813,0,0
8814,1,1
8815,1,1
8816,0,0
8817,1,1
8818,0,0
8819,0,0
8820,1,1
8821,0,0
8822,0,0
8823,0,0
8824,1,1
8825,0,0
8826,0,0
8827,1,1
8828,1,1
8829,0,0
8830,1,1
8831,0,0
8832,1,1
8833,0,0
8834,0,0
8835,0,0
8836,1,1
8837,1,1
8838,1,0
8839,1,1
8840,1,1
8841,0,1
8842,1,1
8843,1,1
8844,1,1
8845,1,1
8846,0,0
8847,1,1
8848,0,0
8849,0,0
8850,0,0
8851,0,0
8852,1,0
8853,0,1
8854,1,1
8855,0,0
8856,1,1
8857,1,1
8858,0,0
8859,1,1
8860,0,0
8861,0,0
8862,0,0
8863,0,0
8864,0,0
8865,1,1
8866,0,0
8867,1,0
8868,0,0
8869,1,1
8870,1,1
8871,0,0
8872,0,0
8873,0,0
8874,1,1
8875,1,1
8876,1,1
8877,0,0
8878,0,0
8879,0,0
8880,1,1
8881,0,0
8882,0,0
8883,1,1
8884,0,0
8885,0,0
8886,0,0
8887,0,0
8888,1,1
8889,1,1
8890,1,1
8891,0,0
8892,1,1
8893,1,1
8894,1,1
8895,1,0
8896,0,0
8897,1,1
8898,1,1
8899,0,0
8900,0,0
8901,1,1
8902,0,0
8903,1,1
8904,0,1
8905,1,1
8906,1,1
8907,0,0
8908,0,0
8909,1,1
8910,0,0
8911,0,0
8912,0,0
8913,0,0
8914,0,0
8915,0,0
8916,1,1
8917,0,0
8918,1,1
8919,0,0
8920,1,1
8921,1,1
8922,1,1
8923,0,0
8924,0,0
8925,1,0
8926,0,0
8927,0,0
8928,1,1
8929,1,1
8930,1,1
8931,0,0
8932,1,0
8933,0,0
8934,1,1
8935,1,1
8936,0,0
8937,1,1
8938,1,1
8939,0,0
8940,1,1
8941,1,1
8942,1,1
8943,1,1
8944,0,0
8945,1,1
8946,0,0
8947,1,1
8948,1,1
8949,0,0
8950,1,1
8951,1,1
8952,0,0
8953,1,1
8954,1,1
8955,0,0
8956,0,0
8957,0,0
8958,0,0
8959,0,0
8960,1,0
8961,1,1
8962,0,0
8963,0,0
8964,1,0
8965,1,1
8966,0,0
8967,1,1
8968,1,1
8969,0,0
8970,0,0
8971,0,0
8972,1,1
8973,0,1
8974,1,1
8975,0,0
8976,0,0
8977,0,0
8978,1,1
8979,0,0
8980,1,1
8981,1,1
8982,1,1
8983,0,1
8984,1,1
8985,1,1
8986,0,0
8987,1,1
8988,0,0
8989,1,0
8990,0,0
8991,0,0
8992,1,1
8993,1,1
8994,0,0
8995,0,0
8996,0,0
8997,0,0
8998,1,1
8999,1,1
9000,0,0
9001,1,0
9002,0,0
9003,1,1
9004,1,0
9005,0,0
9006,0,0
9007,0,0
9008,1,1
9009,1,1
9010,1,1
9011,0,0
9012,1,1
9013,1,1
9014,1,1
9015,0,0
9016,1,1
9017,1,1
9018,1,1
9019,1,1
9020,1,1
9021,1,1
9022,1,1
9023,0,0
9024,0,0
9025,1,0
9026,0,0
9027,0,0
9028,1,0
9029,0,0
9030,1,1
9031,0,0
9032,1,1
9033,0,1
9034,0,0
9035,1,1
9036,1,1
9037,1,1
9038,1,1
9039,1,1
9040,0,0
9041,0,0
9042,1,1
9043,1,1
9044,1,1
9045,0,0
9046,0,0
9047,1,0
9048,0,0
9049,1,1
9050,1,1
9051,1,1
9052,0,0
9053,0,0
9054,0,0
9055,0,0
9056,1,1
9057,1,1
9058,0,0
9059,1,1
9060,1,1
9061,1,1
9062,1,0
9063,1,1
9064,1,1
9065,1,0
9066,1,1
9067,1,1
9068,1,1
9069,1,1
9070,1,1
9071,1,0
9072,1,1
9073,1,1
9074,1,1
9075,0,0
9076,0,0
9077,1,0
9078,1,1
9079,1,1
9080,1,0
9081,0,0
9082,1,1
9083,1,1
9084,1,0
9085,1,1
9086,1,1
9087,0,0
9088,0,0
9089,1,1
9090,0,0
9091,1,1
9092,1,0
9093,0,0
9094,1,1
9095,1,1
9096,0,1
9097,0,0
9098,1,1
9099,0,0
9100,0,0
9101,1,1
9102,1,1
9103,1,1
9104,0,0
9105,0,1
9106,1,0
9107,1,1
9108,1,1
9109,1,0
9110,1,1
9111,0,0
9112,0,0
9113,0,0
9114,1,1
9115,0,0
9116,0,0
9117,1,1
9118,0,0
9119,1,1
9120,0,0
9121,0,1
9122,1,1
9123,0,0
9124,0,0
9125,0,0
9126,1,0
9127,0,0
9128,0,0
9129,1,1
9130,0,0
9131,0,0
9132,0,0
9133,1,1
9134,1,1
9135,1,1
9136,1,1
9137,0,0
9138,0,0
9139,1,1
9140,1,1
9141,1,1
9142,1,1
9143,0,0
9144,0,0
9145,1,1
9146,1,1
9147,1,1
9148,0,0
9149,1,1
9150,0,0
9151,1,1
9152,1,1
9153,1,0
9154,1,1
9155,1,1
9156,0,0
9157,1,1
9158,1,1
9159,1,1
9160,1,1
9161,0,0
9162,1,1
9163,1,1
9164,1,0
9165,0,0
9166,1,1
9167,0,1
9168,1,1
9169,1,1
9170,1,1
9171,0,0
9172,0,0
9173,0,0
9174,1,1
9175,0,0
9176,0,0
9177,0,0
9178,1,1
9179,0,0
9180,1,1
9181,1,1
9182,1,1
9183,1,1
9184,1,1
9185,1,1
9186,0,0
9187,1,1
9188,0,0
9189,0,0
9190,1,0
9191,1,1
9192,0,0
9193,0,0
9194,0,0
9195,0,0
9196,0,0
9197,0,0
9198,1,1
9199,0,0
9200,1,1
9201,0,0
9202,1,0
9203,0,0
9204,0,0
9205,0,0
9206,1,1
9207,1,1
9208,0,0
9209,0,0
9210,1,1
9211,0,0
9212,0,0
9213,1,1
9214,0,0
9215,1,1
9216,1,1
9217,0,0
9218,0,0
9219,0,0
9220,1,1
9221,1,1
9222,1,1
9223,1,1
9224,1,0
9225,0,0
9226,0,0
9227,1,1
9228,0,0
9229,0,0
9230,0,0
9231,0,0
9232,1,1
9233,0,0
9234,1,1
9235,1,0
9236,0,0
9237,0,0
9238,1,1
9239,1,1
9240,0,0
9241,0,0
9242,0,0
9243,0,0
9244,1,1
9245,1,1
9246,1,1
9247,0,0
9248,1,1
9249,0,0
9250,0,0
9251,0,0
9252,1,1
9253,0,0
9254,1,1
9255,0,0
9256,1,1
9257,1,1
9258,1,1
9259,0,0
9260,1,1
9261,0,0
9262,0,0
9263,1,0
9264,1,1
9265,0,1
9266,1,1
9267,1,1
9268,1,1
9269,1,1
9270,0,0
9271,0,0
9272,0,0
9273,1,1
9274,0,0
9275,1,1
9276,1,1
9277,1,0
9278,1,1
9279,1,0
9280,1,1
9281,0,0
9282,0,0
9283,1,0
9284,0,0
9285,1,1
9286,1,1
9287,1,1
9288,0,0
9289,1,1
9290,1,1
9291,0,0
9292,0,0
9293,1,1
9294,0,0
9295,0,1
9296,1,1
9297,1,0
9298,0,0
9299,0,0
9300,1,1
9301,0,0
9302,1,1
9303,1,0
9304,1,1
9305,1,1
9306,1,1
9307,1,1
9308,0,0
9309,0,0
9310,0,0
9311,1,1
9312,0,0
9313,1,1
9314,1,1
9315,0,0
9316,0,0
9317,0,1
9318,0,0
9319,1,1
9320,0,0
9321,1,1
9322,1,1
9323,0,1
9324,0,0
9325,1,1
9326,0,0
9327,1,1
9328,1,1
9329,1,1
9330,1,1
9331,0,1
9332,1,1
9333,0,0
9334,1,1
9335,0,0
9336,1,1
9337,0,0
9338,0,0
9339,1,1
9340,1,1
9341,1,1
9342,1,1
9343,1,1
9344,1,1
9345,0,0
9346,1,1
9347,1,1
9348,1,1
9349,0,0
9350,0,0
9351,1,0
9352,1,1
9353,1,1
9354,0,0
9355,1,1
9356,1,1
9357,1,0
9358,1,1
9359,0,0
9360,1,1
9361,1,1
9362,0,0
9363,0,0
9364,0,0
9365,0,0
9366,0,0
9367,1,1
9368,0,0
9369,1,1
9370,1,1
9371,1,1
9372,0,0
9373,1,1
9374,1,1
9375,1,0
9376,0,0
9377,0,0
9378,1,1
9379,1,1
9380,0,0
9381,0,0
9382,1,0
9383,1,1
9384,0,0
9385,0,0
9386,1,0
9387,1,0
9388,1,1
9389,0,0
9390,0,0
9391,1,0
9392,1,1
9393,1,1
9394,1,1
9395,0,0
9396,0,0
9397,1,0
9398,0,0
9399,1,1
9400,1,1
9401,0,0
9402,1,1
9403,0,0
9404,1,1
9405,1,1
9406,1,1
9407,1,1
9408,0,0
9409,1,1
9410,1,1
9411,1,1
9412,0,0
9413,0,0
9414,1,1
9415,0,0
9416,0,1
9417,0,0
9418,1,1
9419,0,1
9420,0,0
9421,0,0
9422,0,0
9423,0,0
9424,1,1
9425,1,1
9426,1,1
9427,1,1
9428,0,0
9429,0,1
9430,0,0
9431,0,0
9432,0,0
9433,1,1
9434,1,1
9435,0,0
9436,1,1
9437,0,0
9438,1,1
9439,0,0
9440,0,0
9441,1,1
9442,0,0
9443,0,0
9444,1,0
9445,1,1
9446,0,0
9447,1,0
9448,1,1
9449,1,1
9450,0,0
9451,1,1
9452,1,1
9453,0,0
9454,1,1
9455,0,0
9456,1,1
9457,1,1
9458,0,0
9459,1,1
9460,1,1
9461,0,0
9462,1,1
9463,0,1
9464,1,0
9465,0,0
9466,1,1
9467,1,1
9468,0,0
9469,1,0
9470,1,1
9471,1,1
9472,1,1
9473,0,1
9474,0,0
9475,0,0
9476,1,1
9477,1,0
9478,0,0
9479,1,1
9480,1,0
9481,0,0
9482,0,0
9483,0,0
9484,1,1
9485,1,1
9486,1,0
9487,0,0
9488,0,0
9489,0,0
9490,0,0
9491,1,0
9492,1,1
9493,0,0
9494,1,1
9495,1,1
9496,0,0
9497,1,1
9498,0,0
9499,1,1
9500,0,0
9501,1,1
9502,0,1
9503,0,0
9504,0,0
9505,0,0
9506,1,1
9507,0,0
9508,1,1
9509,0,0
9510,0,1
9511,1,1
9512,1,1
9513,1,0
9514,0,0
9515,0,0
9516,1,1
9517,1,1
9518,0,0
9519,1,1
9520,0,0
9521,0,0
9522,0,0
9523,1,1
9524,0,0
9525,0,0
9526,1,1
9527,0,0
9528,1,1
9529,1,1
9530,1,0
9531,0,0
9532,1,1
9533,0,1
9534,0,0
9535,0,0
9536,0,0
9537,1,0
9538,0,0
9539,1,1
9540,1,1
9541,0,0
9542,1,1
9543,0,0
9544,0,0
9545,0,0
9546,1,0
9547,1,1
9548,1,0
9549,0,0
9550,0,0
9551,0,0
9552,1,1
9553,0,0
9554,1,1
9555,0,0
9556,0,0
9557,1,1
9558,0,0
9559,1,1
9560,1,1
9561,1,1
9562,1,1
9563,1,0
9564,0,0
9565,1,1
9566,0,0
9567,0,0
9568,1,1
9569,1,0
9570,0,0
9571,0,0
9572,1,1
9573,1,1
9574,1,1
9575,0,0
9576,1,1
9577,0,0
9578,1,1
9579,1,1
9580,0,0
9581,1,1
9582,1,0
9583,1,1
9584,1,1
9585,0,0
9586,1,1
9587,1,1
9588,0,0
9589,1,1
9590,0,1
9591,1,0
9592,1,1
9593,1,1
9594,1,1
9595,1,1
9596,1,1
9597,1,1
9598,1,1
9599,1,1
9600,0,0
9601,0,1
9602,0,0
9603,1,1
9604,1,1
9605,0,0
9606,0,0
9607,0,0
9608,0,0
9609,1,1
9610,0,0
9611,1,1
9612,0,0
9613,0,0
9614,0,0
9615,1,1
9616,0,1
9617,0,0
9618,0,0
9619,1,1
9620,1,1
9621,1,1
9622,1,0
9623,1,1
9624,1,1
9625,1,1
9626,0,0
9627,0,0
9628,0,0
9629,1,1
9630,1,1
9631,0,0
9632,1,1
9633,1,1
9634,0,0
9635,1,1
9636,1,1
9637,0,0
9638,0,0
9639,1,1
9640,1,1
9641,1,1
9642,1,1
9643,0,0
9644,1,1
9645,0,0
9646,1,0
9647,0,0
9648,0,0
9649,1,1
9650,1,1
9651,0,0
9652,1,1
9653,1,1
9654,0,0
9655,1,1
9656,1,1
9657,1,1
9658,0,0
9659,1,1
9660,1,0
9661,0,0
9662,1,0
9663,1,1
9664,0,0
9665,1,1
9666,1,1
9667,0,0
9668,1,0
9669,1,1
9670,0,0
9671,0,0
9672,1,1
9673,1,1
9674,1,1
9675,1,1
9676,0,0
9677,0,0
9678,1,1
9679,0,0
9680,1,1
9681,1,1
9682,1,0
9683,1,1
9684,1,1
9685,1,1
9686,1,1
9687,1,1
9688,1,1
9689,0,0
9690,1,1
9691,1,1
9692,1,1
9693,0,0
9694,1,1
9695,1,0
9696,1,1
9697,1,1
9698,1,1
9699,1,1
9700,1,1
9701,1,1
9702,1,1
9703,0,0
9704,0,0
9705,0,0
9706,0,0
9707,1,1
9708,0,0
9709,1,0
9710,0,1
9711,0,0
9712,0,1
9713,1,1
9714,1,1
9715,1,1
9716,1,1
9717,0,0
9718,1,1
9719,1,0
9720,1,1
9721,1,1
9722,1,1
9723,1,1
9724,1,1
9725,1,1
9726,1,1
9727,1,1
9728,0,1
9729,1,1
9730,1,1
9731,0,0
9732,1,1
9733,1,0
9734,0,0
9735,1,1
9736,1,1
9737,0,0
9738,0,0
9739,1,1
9740,1,1
9741,1,1
9742,1,1
9743,1,1
9744,1,1
9745,0,0
9746,0,0
9747,1,1
9748,0,0
9749,0,0
9750,0,0
9751,1,1
9752,1,1
9753,0,0
9754,1,1
9755,0,0
9756,0,1
9757,1,1
9758,0,0
9759,0,0
9760,0,0
9761,1,1
9762,1,1
9763,0,0
9764,1,1
9765,0,0
9766,0,0
9767,0,1
9768,0,0
9769,1,1
9770,0,0
9771,1,0
9772,1,1
9773,0,0
9774,1,0
9775,1,1
9776,1,1
9777,0,0
9778,1,1
9779,0,0
9780,0,1
9781,1,1
9782,0,0
9783,1,1
9784,1,1
9785,0,0
9786,1,1
9787,0,0
9788,0,0
9789,0,0
9790,1,1
9791,0,0
9792,1,1
9793,1,0
9794,0,0
9795,1,1
9796,1,1
9797,0,0
9798,0,0
9799,1,1
9800,1,1
9801,0,0
9802,1,1
9803,1,1
9804,1,0
9805,1,1
9806,1,1
9807,1,1
9808,1,1
9809,0,0
9810,0,0
9811,1,1
9812,1,0
9813,1,1
9814,0,1
9815,1,1
9816,0,0
9817,0,1
9818,0,0
9819,0,0
9820,0,0
9821,1,1
9822,1,1
9823,0,0
9824,0,0
9825,1,0
9826,0,0
9827,0,0
9828,0,0
9829,1,1
9830,1,1
9831,0,0
9832,1,1
9833,0,0
9834,1,1
9835,0,0
9836,0,0
9837,1,0
9838,1,1
9839,1,1
9840,1,1
9841,1,1
9842,1,0
9843,1,1
9844,1,1
9845,1,1
9846,1,1
9847,1,1
9848,1,1
9849,0,0
9850,0,0
9851,1,1
9852,1,1
9853,1,1
9854,0,0
9855,1,1
9856,0,0
9857,1,1
9858,1,1
9859,1,1
9860,0,0
9861,1,1
9862,1,1
9863,0,0
9864,1,1
9865,0,0
9866,0,0
9867,0,0
9868,0,0
9869,1,1
9870,1,1
9871,1,1
9872,1,0
9873,0,0
9874,1,0
9875,0,1
9876,0,0
9877,0,0
9878,0,0
9879,0,0
9880,0,1
9881,1,1
9882,1,1
9883,1,1
9884,0,0
9885,1,1
9886,1,1
9887,1,1
9888,0,0
9889,1,1
9890,1,0
9891,0,0
9892,1,1
9893,0,0
9894,0,0
9895,1,1
9896,1,1
9897,0,0
9898,1,1
9899,1,1
9900,0,0
9901,0,0
9902,1,1
9903,1,1
9904,0,0
9905,1,0
9906,0,0
9907,0,0
9908,1,1
9909,1,1
9910,0,0
9911,1,1
9912,1,1
9913,0,0
9914,0,0
9915,1,1
9916,1,1
9917,0,0
9918,0,0
9919,1,1
9920,1,1
9921,0,0
9922,1,1
9923,1,1
9924,1,1
9925,1,0
9926,0,0
9927,1,1
9928,1,1
9929,0,0
9930,1,1
9931,1,0
9932,0,0
9933,0,0
9934,1,1
9935,0,0
9936,1,0
9937,1,1
9938,0,0
9939,0,0
9940,1,1
9941,1,1
9942,0,0
9943,0,0
9944,0,0
9945,0,0
9946,0,0
9947,1,0
9948,1,1
9949,1,1
9950,1,1
9951,1,1
9952,1,1
9953,1,1
9954,1,1
9955,1,1
9956,1,1
9957,0,0
9958,1,1
9959,1,1
9960,1,1
9961,0,1
9962,1,1
9963,0,1
9964,1,1
9965,1,0
9966,1,1
9967,0,0
9968,0,0
9969,0,0
9970,1,0
9971,0,0
9972,1,0
9973,1,1
9974,1,0
9975,0,0
9976,1,1
9977,1,1
9978,0,0
9979,0,0
9980,1,1
9981,0,0
9982,0,0
9983,1,1
9984,0,0
9985,0,0
9986,1,1
9987,0,0
9988,0,0
9989,1,1
9990,1,1
9991,0,0
9992,1,1
9993,0,0
9994,0,0
9995,1,1
9996,0,0
9997,1,1
9998,0,0
9999,1,1
10000,0,0
10001,1,1
10002,0,0
10003,1,1
10004,1,1
10005,1,1
10006,0,0
10007,0,0
10008,1,1
10009,0,0
10010,1,1
10011,1,1
10012,1,0
10013,0,0
10014,0,0
10015,1,1
10016,0,0
10017,1,1
10018,1,1
10019,1,0
10020,1,0
10021,1,1
10022,1,0
10023,1,1
10024,1,0
10025,0,0
10026,0,0
10027,0,0
10028,1,1
10029,1,1
10030,1,1
10031,0,0
10032,1,1
10033,1,1
10034,1,1
10035,0,0
10036,0,0
10037,0,0
10038,0,0
10039,1,1
10040,0,0
10041,1,1
10042,0,0
10043,1,1
10044,1,1
10045,0,0
10046,0,1
10047,0,0
10048,0,0
10049,1,1
10050,1,1
10051,0,0
10052,1,1
10053,1,1
10054,1,1
10055,0,0
10056,1,1
10057,1,0
10058,0,0
10059,0,0
10060,0,0
10061,1,1
10062,1,1
10063,1,0
10064,1,0
10065,0,0
10066,1,1
10067,0,0
10068,0,1
10069,0,0
10070,0,0
10071,0,0
10072,1,0
10073,0,0
10074,0,0
10075,1,1
10076,1,0
10077,0,0
10078,1,1
10079,1,0
10080,1,1
10081,0,0
10082,0,0
10083,0,0
10084,1,1
10085,0,0
10086,1,1
10087,1,0
10088,1,1
10089,1,0
10090,0,0
10091,1,1
10092,0,0
10093,1,1
10094,0,0
10095,0,0
10096,1,1
10097,0,0
10098,1,1
10099,0,0
10100,0,0
10101,1,1
10102,1,1
10103,1,1
10104,0,1
10105,1,1
10106,1,1
10107,0,0
10108,1,1
10109,0,0
10110,1,1
10111,1,1
10112,1,0
10113,1,1
10114,0,0
10115,1,1
10116,1,1
10117,1,1
10118,1,1
10119,0,1
10120,1,1
10121,0,0
10122,0,0
10123,0,0
10124,0,0
10125,0,0
10126,0,0
10127,0,0
10128,0,0
10129,1,1
10130,0,0
10131,1,1
10132,0,0
10133,0,0
10134,0,0
10135,1,1
10136,0,0
10137,0,0
10138,0,1
10139,1,1
10140,1,1
10141,0,0
10142,0,0
10143,1,1
10144,0,0
10145,1,1
10146,1,1
10147,1,1
10148,1,1
10149,0,0
10150,0,0
10151,1,1
10152,0,0
10153,0,0
10154,1,1
10155,0,0
10156,1,1
10157,1,1
10158,0,0
10159,0,0
10160,1,1
10161,1,1
10162,1,0
10163,1,1
10164,0,0
10165,0,0
10166,0,0
10167,1,1
10168,0,0
10169,1,1
10170,0,0
10171,1,1
10172,1,1
10173,0,0
10174,1,1
10175,1,1
10176,0,1
10177,1,1
10178,1,1
10179,0,0
10180,1,1
10181,0,0
10182,0,0
10183,0,0
10184,1,0
10185,0,0
10186,0,0
10187,0,0
10188,1,1
10189,0,0
10190,0,0
10191,0,0
10192,0,0
10193,0,0
10194,1,0
10195,1,0
10196,1,1
10197,0,0
10198,0,0
10199,1,1
10200,1,1
10201,0,0
10202,1,1
10203,1,1
10204,1,1
10205,1,1
10206,0,0
10207,0,0
10208,0,0
10209,1,1
10210,0,0
10211,0,0
10212,0,0
10213,0,0
10214,1,1
10215,1,0
10216,0,0
10217,0,0
10218,1,1
10219,0,0
10220,0,0
10221,1,1
10222,0,0
10223,1,1
10224,1,1
10225,0,0
10226,0,1
10227,1,1
10228,1,1
10229,1,1
10230,0,0
10231,1,1
10232,1,1
10233,0,0
10234,1,1
10235,1,1
10236,0,0
10237,1,1
10238,0,0
10239,0,0
10240,0,0
10241,1,1
10242,1,1
10243,1,1
10244,0,0
10245,1,1
10246,0,1
10247,0,0
10248,1,1
10249,0,0
10250,0,0
10251,1,1
10252,1,0
10253,0,0
10254,1,1
10255,1,1
10256,0,0
10257,1,1
10258,0,0
10259,0,0
10260,1,1
10261,0,0
10262,1,0
10263,1,1
10264,1,0
10265,1,1
10266,1,1
10267,1,1
10268,0,0
10269,0,0
10270,1,1
10271,1,1
10272,1,1
10273,1,1
10274,1,1
10275,1,1
10276,1,1
10277,1,1
10278,0,0
10279,0,0
10280,0,0
10281,1,1
10282,1,0
10283,0,0
10284,1,1
10285,0,0
10286,0,0
10287,0,0
10288,0,0
10289,0,0
10290,1,0
10291,0,1
10292,1,0
10293,0,0
10294,0,1
10295,1,1
10296,0,0
10297,0,0
10298,1,1
10299,1,1
10300,0,0
10301,1,1
10302,0,0
10303,0,1
10304,0,0
10305,1,1
10306,1,1
10307,0,0
10308,1,1
10309,1,1
10310,1,1
10311,0,0
10312,0,0
10313,0,1
10314,0,0
10315,0,0
10316,1,1
10317,0,0
10318,1,1
10319,0,0
10320,1,1
10321,1,1
10322,0,0
10323,1,1
10324,0,0
10325,1,1
10326,0,0
10327,1,1
10328,1,0
10329,0,0
10330,1,1
10331,1,1
10332,0,0
10333,1,1
10334,0,0
10335,0,0
10336,1,1
10337,0,0
10338,0,0
10339,1,1
10340,1,1
10341,1,1
10342,1,0
10343,0,0
10344,1,1
10345,1,1
10346,0,0
10347,0,0
10348,0,0
10349,0,0
10350,1,1
10351,0,0
10352,0,0
10353,1,1
10354,0,0
10355,0,0
10356,1,1
10357,0,0
10358,1,1
10359,1,1
10360,1,0
10361,1,0
10362,0,0
10363,1,1
10364,0,0
10365,0,1
10366,0,0
10367,0,0
10368,0,0
10369,1,1
10370,1,0
10371,1,1
10372,0,0
10373,0,0
10374,0,0
10375,1,1
10376,0,0
10377,0,0
10378,1,1
10379,0,0
10380,1,1
10381,0,0
10382,1,1
10383,1,1
10384,1,1
10385,0,0
10386,0,0
10387,1,1
10388,1,1
10389,0,0
10390,0,0
10391,1,0
10392,1,1
10393,0,0
10394,0,0
10395,0,0
10396,1,1
10397,0,0
10398,0,0
10399,1,1
10400,0,0
10401,1,1
10402,1,1
10403,0,0
10404,0,0
10405,1,1
10406,1,1
10407,1,1
10408,0,0
10409,1,1
10410,1,1
10411,0,0
10412,1,0
10413,1,1
10414,1,1
10415,1,1
10416,0,0
10417,1,1
10418,0,0
10419,0,0
10420,0,0
10421,0,1
10422,1,1
10423,0,0
10424,1,1
10425,0,0
10426,1,1
10427,0,0
10428,1,0
10429,0,0
10430,1,1
10431,0,0
10432,0,0
10433,1,1
10434,0,0
10435,1,1
10436,0,0
10437,1,0
10438,0,0
10439,0,0
10440,1,1
10441,0,0
10442,1,1
10443,1,1
10444,0,0
10445,0,1
10446,1,1
10447,0,0
10448,1,1
10449,0,0
10450,1,0
10451,1,1
10452,0,1
10453,0,0
10454,1,1
10455,0,1
10456,1,1
10457,0,0
10458,0,0
10459,1,1
10460,0,0
10461,1,1
10462,1,1
10463,1,1
10464,0,0
10465,0,0
10466,1,1
10467,1,1
10468,1,1
10469,0,0
10470,1,1
10471,0,0
10472,0,0
10473,1,1
10474,1,0
10475,0,0
10476,0,1
10477,1,1
10478,0,0
10479,1,1
10480,1,1
10481,1,1
10482,0,0
10483,1,1
10484,0,0
10485,1,1
10486,1,1
10487,0,0
10488,0,0
10489,0,0
10490,1,1
10491,1,0
10492,1,1
10493,1,1
10494,1,1
10495,0,0
10496,1,1
10497,1,1
10498,1,1
10499,1,1
10500,1,1
10501,0,0
10502,0,0
10503,1,1
10504,1,1
10505,0,0
10506,0,0
10507,1,0
10508,0,0
10509,1,1
10510,0,0
10511,0,0
10512,1,1
10513,1,0
10514,0,0
10515,1,0
10516,1,0
10517,1,1
10518,0,0
10519,1,1
10520,1,1
10521,1,1
10522,1,1
10523,0,0
10524,0,0
10525,0,1
10526,0,0
10527,0,0
10528,1,0
10529,0,0
10530,0,0
10531,1,1
10532,0,0
10533,0,0
10534,1,1
10535,0,0
10536,1,1
10537,1,1
10538,0,1
10539,1,1
10540,0,0
10541,1,1
10542,1,1
10543,1,1
10544,1,1
10545,1,0
10546,1,1
10547,1,1
10548,1,1
10549,0,0
10550,0,0
10551,1,1
10552,1,1
10553,1,1
10554,1,1
10555,1,1
10556,0,0
10557,1,1
10558,1,0
10559,1,1
10560,0,0
10561,1,1
10562,0,0
10563,1,1
10564,0,0
10565,0,0
10566,1,1
10567,1,1
10568,0,0
10569,0,0
10570,0,0
10571,0,0
10572,0,0
10573,1,0
10574,1,0
10575,0,0
10576,1,1
10577,1,1
10578,1,1
10579,0,1
10580,1,1
10581,0,0
10582,0,0
10583,1,1
10584,0,0
10585,1,1
10586,1,1
10587,1,1
10588,0,0
10589,0,0
10590,0,0
10591,0,0
10592,0,0
10593,1,1
10594,0,0
10595,1,1
10596,0,0
10597,1,1
10598,0,0
10599,1,1
10600,1,1
10601,0,0
10602,0,1
10603,1,1
10604,0,0
10605,0,0
10606,1,1
10607,1,1
10608,1,1
10609,1,1
10610,1,1
10611,1,1
10612,1,1
10613,0,0
10614,1,1
10615,1,1
10616,1,1
10617,1,1
10618,0,0
10619,1,0
10620,1,1
10621,1,1
10622,0,0
10623,1,1
10624,0,0
10625,1,1
10626,1,1
10627,0,0
10628,1,1
10629,0,0
10630,1,1
10631,0,0
10632,0,0
10633,1,1
10634,0,0
10635,0,0
10636,1,1
10637,0,0
10638,1,1
10639,1,1
10640,0,0
10641,0,1
10642,0,0
10643,0,0
10644,0,1
10645,0,0
10646,0,0
10647,1,1
10648,1,1
10649,1,0
10650,1,1
10651,1,1
10652,0,0
10653,0,0
10654,0,0
10655,1,1
10656,1,1
10657,0,0
10658,1,1
10659,1,1
10660,1,1
10661,1,1
10662,0,0
10663,1,1
10664,1,1
10665,1,1
10666,0,1
10667,1,1
10668,1,1
10669,1,1
10670,0,0
10671,1,1
10672,0,0
10673,1,1
10674,1,1
10675,0,0
10676,0,0
10677,1,1
10678,1,1
10679,1,1
10680,1,1
10681,0,0
10682,1,1
10683,1,1
10684,1,1
10685,0,0
10686,0,0
10687,0,0
10688,0,0
10689,0,0
10690,0,1
10691,0,1
10692,0,0
10693,1,1
10694,0,0
10695,0,0
10696,0,0
10697,0,0
10698,0,0
10699,1,1
10700,0,0
10701,0,0
10702,1,1
10703,1,1
10704,1,1
10705,0,0
10706,0,0
10707,0,0
10708,1,1
10709,1,1
10710,1,1
10711,0,0
10712,0,0
10713,1,0
10714,0,1
10715,0,0
10716,1,1
10717,1,1
10718,1,1
10719,1,0
10720,1,0
10721,0,0
10722,0,1
10723,0,0
10724,1,1
10725,1,1
10726,0,0
10727,0,0
10728,0,0
10729,0,1
10730,1,1
10731,1,1
10732,0,0
10733,1,1
10734,0,0
10735,0,0
10736,0,1
10737,0,0
10738,0,1
10739,1,1
10740,1,1
10741,1,1
10742,0,0
10743,1,1
10744,1,1
10745,1,1
10746,1,1
10747,1,1
10748,1,1
10749,1,1
10750,1,1
10751,0,0
10752,1,1
10753,0,0
10754,0,0
10755,0,0
10756,1,1
10757,0,0
10758,0,0
10759,0,0
10760,1,1
10761,0,0
10762,0,0
10763,0,0
10764,1,1
10765,1,1
10766,0,0
10767,1,1
10768,1,1
10769,0,0
10770,1,1
10771,1,1
10772,1,1
10773,1,1
10774,0,0
10775,0,0
10776,1,1
10777,0,0
10778,1,1
10779,1,1
10780,0,0
10781,1,1
10782,0,0
10783,0,0
10784,0,0
10785,1,1
10786,0,0
10787,1,1
10788,0,0
10789,0,0
10790,0,0
10791,0,0
10792,1,1
10793,0,0
10794,1,0
10795,1,1
10796,0,0
10797,0,0
10798,0,0
10799,0,0
10800,0,0
10801,0,0
10802,1,1
10803,0,0
10804,1,1
10805,0,0
10806,1,1
10807,1,1
10808,1,1
10809,1,1
10810,1,1
10811,0,0
10812,1,0
10813,0,0
10814,0,0
10815,1,1
10816,0,0
10817,0,0
10818,1,0
10819,0,0
10820,0,0
10821,0,0
10822,1,1
10823,1,1
10824,0,1
10825,1,1
10826,0,0
10827,0,0
10828,1,1
10829,1,1
10830,1,1
10831,1,1
10832,1,1
10833,0,0
10834,0,0
10835,0,0
10836,0,0
10837,1,1
10838,1,1
10839,0,0
10840,1,1
10841,0,0
10842,0,0
10843,0,0
10844,1,1
10845,1,0
10846,1,1
10847,1,1
10848,1,1
10849,1,0
10850,1,1
10851,1,1
10852,0,0
10853,0,0
10854,1,1
10855,1,1
10856,0,0
10857,1,1
10858,1,1
10859,0,0
10860,0,0
10861,1,1
10862,0,0
10863,1,0
10864,1,1
10865,0,0
10866,0,0
10867,1,1
10868,0,0
10869,1,1
10870,0,0
10871,1,1
10872,0,0
10873,0,0
10874,1,1
10875,1,1
10876,1,1
10877,1,0
10878,1,1
10879,1,1
10880,0,0
10881,1,1
10882,0,0
10883,1,1
10884,1,1
10885,0,0
10886,1,0
10887,0,0
10888,1,1
10889,1,1
10890,0,0
10891,0,0
10892,1,1
10893,0,0
10894,1,1
10895,1,0
10896,1,1
10897,1,1
10898,0,0
10899,1,1
10900,0,0
10901,1,1
10902,1,1
10903,1,0
10904,1,0
10905,0,0
10906,0,0
10907,1,1
10908,0,1
10909,0,0
10910,0,0
10911,1,0
10912,0,1
10913,0,0
10914,0,1
10915,0,0
10916,1,1
10917,1,1
10918,1,1
10919,1,1
10920,0,0
10921,0,0
10922,1,1
10923,1,1
10924,0,0
10925,1,0
10926,1,1
10927,0,0
10928,1,1
10929,0,0
10930,0,0
10931,1,1
10932,0,0
10933,1,1
10934,1,1
10935,0,0
10936,0,0
10937,1,1
10938,0,0
10939,1,1
10940,0,1
10941,0,0
10942,1,1
10943,0,0
10944,1,1
10945,0,0
10946,1,1
10947,1,1
10948,1,0
10949,0,1
10950,1,0
10951,1,1
10952,1,1
10953,1,0
10954,1,1
10955,1,1
10956,0,0
10957,0,0
10958,0,0
10959,1,1
10960,1,1
10961,1,1
10962,1,0
10963,0,0
10964,0,0
10965,0,0
10966,0,0
10967,1,1
10968,0,0
10969,0,0
10970,0,0
10971,1,1
10972,1,1
10973,1,1
10974,0,0
10975,0,1
10976,0,0
10977,1,1
10978,0,0
10979,0,0
10980,0,0
10981,0,1
10982,0,0
10983,1,1
10984,1,1
10985,1,1
10986,1,1
10987,0,0
10988,1,1
10989,1,0
10990,1,1
10991,1,1
10992,0,0
10993,1,1
10994,1,1
10995,0,0
10996,1,1
10997,1,1
10998,1,1
10999,0,0
11000,0,0
11001,1,1
11002,0,0
11003,1,0
11004,0,0
11005,1,0
11006,1,1
11007,0,0
11008,0,0
11009,0,0
11010,0,0
11011,0,0
11012,1,1
11013,1,1
11014,0,0
11015,1,1
11016,0,0
11017,1,1
11018,0,1
11019,0,0
11020,1,1
11021,1,1
11022,0,0
11023,0,0
11024,1,1
11025,0,0
11026,0,0
11027,0,0
11028,1,1
11029,1,1
11030,0,0
11031,0,0
11032,1,1
11033,1,0
11034,0,0
11035,1,1
11036,1,1
11037,0,0
11038,1,1
11039,0,0
11040,0,0
11041,0,0
11042,1,1
11043,1,0
11044,1,0
11045,0,0
11046,1,1
11047,0,0
11048,1,1
11049,1,1
11050,1,1
11051,1,1
11052,0,0
11053,0,0
11054,0,0
11055,0,0
11056,1,0
11057,0,0
11058,1,1
11059,1,1
11060,1,1
11061,0,0
11062,1,1
11063,1,1
11064,1,1
11065,1,1
11066,1,0
11067,0,0
11068,0,0
11069,0,0
11070,0,0
11071,1,1
11072,1,0
11073,0,0
11074,0,0
11075,1,1
11076,0,0
11077,0,0
11078,1,1
11079,1,1
11080,0,0
11081,1,1
11082,0,0
11083,1,1
11084,0,0
11085,1,1
11086,1,1
11087,1,1
11088,0,0
11089,0,0
11090,0,0
11091,0,0
11092,1,1
11093,0,0
11094,1,1
11095,0,0
11096,1,1
11097,1,1
11098,1,1
11099,1,1
11100,0,0
11101,1,0
11102,0,0
11103,1,1
11104,1,1
11105,0,0
11106,1,1
11107,1,1
11108,0,0
11109,1,1
11110,0,0
11111,1,1
11112,1,0
11113,0,0
11114,0,1
11115,1,0
11116,1,1
11117,0,0
11118,0,0
11119,0,0
11120,1,1
11121,1,0
11122,1,0
11123,1,1
11124,0,0
11125,1,1
11126,1,1
11127,0,0
11128,1,1
11129,1,1
11130,1,1
11131,0,0
11132,1,1
11133,0,0
11134,0,0
11135,0,1
11136,0,0
11137,1,1
11138,0,0
11139,1,1
11140,1,1
11141,1,1
11142,1,1
11143,0,0
11144,0,0
11145,1,1
11146,0,0
11147,1,0
11148,1,1
11149,1,1
11150,0,0
11151,0,0
11152,1,0
11153,0,0
11154,0,0
11155,1,1
11156,1,1
11157,0,0
11158,1,1
11159,1,1
11160,0,1
11161,0,0
11162,1,1
11163,1,1
11164,1,0
11165,1,1
11166,0,0
11167,1,1
11168,1,1
11169,0,0
11170,1,1
11171,1,0
11172,0,0
11173,1,1
11174,0,0
11175,1,1
11176,0,0
11177,0,0
11178,1,1
11179,0,0
11180,1,1
11181,0,0
11182,1,1
11183,1,1
11184,1,1
11185,1,1
11186,1,1
11187,1,0
11188,1,1
11189,1,0
11190,1,1
11191,0,0
11192,1,1
11193,0,0
11194,1,1
11195,0,0
11196,1,1
11197,1,0
11198,1,0
11199,1,1
11200,0,0
11201,0,0
11202,1,0
11203,1,0
11204,1,1
11205,1,1
11206,1,1
11207,1,1
11208,0,0
11209,0,0
11210,0,0
11211,1,1
11212,0,0
11213,0,0
11214,1,0
11215,0,0
11216,0,0
11217,0,0
11218,0,1
11219,0,0
11220,0,0
11221,0,0
11222,1,1
11223,0,0
11224,0,0
11225,0,0
11226,1,1
11227,0,0
11228,1,1
11229,0,0
11230,1,1
11231,1,1
11232,1,1
11233,1,1
11234,0,0
11235,1,1
11236,1,0
11237,1,1
11238,1,0
11239,0,0
11240,1,1
11241,0,0
11242,1,1
11243,0,1
11244,1,1
11245,1,1
11246,1,0
11247,0,0
11248,0,0
11249,1,0
11250,0,0
11251,1,1
11252,0,0
11253,0,0
11254,0,0
11255,1,0
11256,1,1
11257,0,0
11258,1,1
11259,0,0
11260,0,0
11261,1,1
11262,0,0
11263,1,1
11264,0,0
11265,1,1
11266,0,0
11267,1,1
11268,0,0
11269,0,1
11270,0,0
11271,1,1
11272,0,0
11273,1,1
11274,1,1
11275,1,1
11276,0,0
11277,1,1
11278,1,1
11279,1,1
11280,1,1
11281,1,0
11282,1,1
11283,0,0
11284,1,1
11285,1,1
11286,1,1
11287,1,1
11288,0,0
11289,1,0
11290,0,0
11291,0,0
11292,1,1
11293,1,1
11294,0,0
11295,1,1
11296,1,1
11297,0,0
11298,1,0
11299,0,0
11300,0,0
11301,1,1
11302,0,0
11303,1,1
11304,1,1
11305,1,1
11306,1,1
11307,1,0
11308,0,0
11309,1,1
11310,1,1
11311,0,0
11312,1,0
11313,0,1
11314,0,0
11315,0,0
11316,1,1
11317,1,1
11318,1,0
11319,0,0
11320,1,1
11321,1,0
11322,1,1
11323,0,0
11324,0,0
11325,0,0
11326,1,1
11327,0,0
11328,1,1
11329,1,1
11330,0,0
11331,1,1
11332,0,0
11333,0,0
11334,0,0
11335,1,1
11336,1,1
11337,0,0
11338,0,0
11339,0,0
11340,1,1
11341,1,1
11342,0,0
11343,0,0
11344,0,1
11345,0,0
11346,1,1
11347,0,0
11348,0,0
11349,0,0
11350,1,0
11351,0,0
11352,1,1
11353,0,0
11354,1,1
11355,0,0
11356,1,1
11357,1,1
11358,0,0
11359,1,1
11360,1,1
11361,0,0
11362,0,0
11363,1,1
11364,1,1
11365,1,1
11366,0,0
11367,0,0
11368,0,0
11369,1,0
11370,1,1
11371,1,0
11372,1,0
11373,1,1
11374,0,0
11375,1,1
11376,0,0
11377,0,0
11378,0,0
11379,1,1
11380,1,0
11381,0,0
11382,1,1
11383,1,1
11384,0,0
11385,1,1
11386,0,0
11387,1,0
11388,1,1
11389,0,0
11390,0,0
11391,1,1
11392,1,0
11393,0,0
11394,0,0
11395,1,1
11396,1,1
11397,1,1
11398,1,1
11399,0,0
11400,0,0
11401,1,1
11402,0,0
11403,1,1
11404,1,0
11405,1,1
11406,1,1
11407,0,0
11408,0,1
11409,1,0
11410,0,0
11411,0,0
11412,0,0
11413,1,1
11414,0,0
11415,0,1
11416,0,0
11417,0,1
11418,0,0
11419,1,1
11420,1,1
11421,0,0
11422,1,0
11423,0,0
11424,0,0
11425,0,0
11426,0,0
11427,0,0
11428,1,1
11429,0,0
11430,0,0
11431,0,0
11432,0,0
11433,0,0
11434,0,0
11435,1,1
11436,0,0
11437,0,0
11438,0,0
11439,0,0
11440,1,1
11441,0,0
11442,1,1
11443,0,0
11444,0,0
11445,1,0
11446,1,1
11447,1,1
11448,1,1
11449,1,1
11450,1,1
11451,0,0
11452,1,1
11453,0,0
11454,0,0
11455,1,1
11456,0,0
11457,0,0
11458,1,1
11459,0,0
11460,1,1
11461,1,1
11462,0,0
11463,1,0
11464,0,0
11465,0,0
11466,1,0
11467,1,1
11468,1,1
11469,1,1
11470,0,0
11471,1,1
11472,1,1
11473,0,1
11474,0,1
11475,1,1
11476,1,0
11477,0,0
11478,1,1
11479,0,0
11480,1,1
11481,1,1
11482,1,1
11483,0,0
11484,1,1
11485,0,0
11486,0,0
11487,1,1
11488,0,0
11489,1,1
11490,0,0
11491,1,1
11492,1,1
11493,0,0
11494,1,1
11495,1,1
11496,1,0
11497,0,0
11498,1,1
11499,1,0
11500,1,1
11501,1,1
11502,1,1
11503,0,0
11504,1,1
11505,1,1
11506,0,1
11507,0,0
11508,1,1
11509,0,0
11510,0,0
11511,1,1
11512,1,1
11513,1,0
11514,1,1
11515,1,1
11516,1,1
11517,1,1
11518,0,1
11519,0,0
11520,1,1
11521,1,0
11522,1,0
11523,1,1
11524,0,0
11525,1,0
11526,0,0
11527,1,1
11528,1,1
11529,0,0
11530,0,0
11531,0,0
11532,0,0
11533,0,0
11534,0,0
11535,0,0
11536,1,1
11537,1,1
11538,0,0
11539,0,0
11540,0,0
11541,1,1
11542,1,1
11543,1,0
11544,0,0
11545,1,1
11546,1,1
11547,1,1
11548,1,0
11549,0,0
11550,0,0
11551,0,0
11552,1,0
11553,1,0
11554,0,0
11555,0,0
11556,1,0
11557,0,0
11558,0,0
11559,0,0
11560,0,0
11561,0,0
11562,0,0
11563,1,1
11564,1,1
11565,1,0
11566,1,1
11567,1,1
11568,0,0
11569,0,0
11570,1,1
11571,1,0
11572,1,1
11573,1,0
11574,0,0
11575,1,0
11576,0,0
11577,1,1
11578,0,1
11579,0,0
11580,1,1
11581,1,1
11582,0,0
11583,0,0
11584,0,0
11585,0,0
11586,0,0
11587,0,0
11588,1,1
11589,0,0
11590,0,0
11591,0,0
11592,0,0
11593,0,0
11594,1,0
11595,0,0
11596,1,1
11597,0,0
11598,0,0
11599,0,0
11600,1,1
11601,1,1
11602,1,1
11603,0,0
11604,0,0
11605,0,0
11606,1,1
11607,1,1
11608,1,1
11609,1,1
11610,1,1
11611,0,0
11612,1,1
11613,1,0
11614,0,0
11615,1,1
11616,0,0
11617,0,0
11618,1,1
11619,1,1
11620,0,0
11621,0,0
11622,0,0
11623,1,1
11624,1,1
11625,0,0
11626,0,0
11627,1,0
11628,0,0
11629,0,0
11630,1,1
11631,1,1
11632,0,0
11633,0,0
11634,1,1
11635,1,1
11636,1,1
11637,1,1
11638,0,0
11639,0,0
11640,0,1
11641,0,0
11642,1,1
11643,0,0
11644,0,0
11645,1,0
11646,0,0
11647,0,0
11648,0,0
11649,0,0
11650,1,1
11651,0,0
11652,0,1
11653,1,1
11654,0,0
11655,1,1
11656,1,1
11657,0,0
11658,0,0
11659,1,1
11660,0,0
11661,1,0
11662,1,1
11663,1,1
11664,0,0
11665,1,1
11666,0,0
11667,1,0
11668,1,1
11669,1,1
11670,1,1
11671,1,1
11672,0,0
11673,1,1
11674,0,0
11675,1,1
11676,1,1
11677,0,0
11678,1,0
11679,1,0
11680,0,1
11681,1,1
11682,1,1
11683,0,0
11684,0,0
11685,0,0
11686,0,0
11687,1,1
11688,0,0
11689,0,1
11690,1,1
11691,0,0
11692,0,0
11693,1,1
11694,0,0
11695,1,1
11696,0,0
11697,0,0
11698,1,1
11699,1,1
11700,1,1
11701,1,1
11702,0,0
11703,1,1
11704,0,0
11705,1,1
11706,0,0
11707,1,1
11708,1,1
11709,1,1
11710,1,1
11711,1,1
11712,0,0
11713,1,1
11714,1,1
11715,0,0
11716,0,0
11717,0,0
11718,0,0
11719,0,0
11720,0,1
11721,1,1
11722,0,0
11723,0,0
11724,0,0
11725,0,0
11726,1,0
11727,1,1
11728,0,1
11729,1,1
11730,1,1
11731,0,0
11732,0,0
11733,0,0
11734,1,1
11735,0,0
11736,0,0
11737,1,1
11738,1,0
11739,1,1
11740,1,1
11741,1,1
11742,0,0
11743,0,0
11744,1,1
11745,1,1
11746,0,0
11747,1,1
11748,0,0
11749,1,0
11750,1,1
11751,1,1
11752,0,0
11753,0,0
11754,1,1
11755,1,1
11756,1,1
11757,1,1
11758,0,0
11759,1,1
11760,0,0
11761,0,0
11762,0,0
11763,1,1
11764,0,0
11765,1,1
11766,1,1
11767,0,0
11768,0,1
11769,0,0
11770,1,1
11771,1,1
11772,0,0
11773,1,1
11774,1,1
11775,1,0
11776,0,0
11777,0,0
11778,0,0
11779,0,0
11780,1,0
11781,1,1
11782,0,0
11783,0,0
11784,1,1
11785,0,0
11786,0,0
11787,1,1
11788,1,1
11789,1,1
11790,1,1
11791,1,1
11792,0,0
11793,0,0
11794,0,0
11795,0,0
11796,1,1
11797,0,0
11798,0,0
11799,0,0
11800,1,1
11801,1,1
11802,1,1
11803,1,1
11804,0,0
11805,1,0
11806,0,0
11807,0,0
11808,1,0
11809,1,1
11810,1,1
11811,1,1
11812,1,1
11813,1,1
11814,1,1
11815,0,0
11816,1,1
11817,1,1
11818,0,0
11819,1,1
11820,1,1
11821,0,0
11822,1,1
11823,0,0
11824,0,0
11825,1,1
11826,0,0
11827,0,0
11828,1,1
11829,0,0
11830,0,0
11831,0,0
11832,1,1
11833,0,0
11834,0,0
11835,0,0
11836,1,1
11837,0,1
11838,0,0
11839,0,1
11840,1,1
11841,0,0
11842,0,0
11843,1,1
11844,1,1
11845,1,1
11846,0,0
11847,0,0
11848,0,0
11849,0,0
11850,1,1
11851,1,1
11852,1,1
11853,1,1
11854,1,1
11855,1,1
11856,0,0
11857,1,1
11858,0,0
11859,0,0
11860,1,1
11861,0,0
11862,1,0
11863,0,0
11864,1,0
11865,1,0
11866,0,0
11867,1,1
11868,1,1
11869,1,0
11870,1,1
11871,1,1
11872,0,0
11873,0,0
11874,1,1
11875,1,0
11876,0,0
11877,0,0
11878,1,1
11879,1,1
11880,1,0
11881,0,0
11882,1,1
11883,1,1
11884,0,0
11885,0,0
11886,0,0
11887,1,1
11888,0,1
11889,0,0
11890,0,0
11891,0,0
11892,1,1
11893,1,1
11894,1,1
11895,1,1
11896,0,1
11897,0,0
11898,0,0
11899,1,1
11900,0,0
11901,1,1
11902,1,1
11903,1,1
11904,1,1
11905,0,0
11906,0,0
11907,0,0
11908,1,1
11909,0,0
11910,1,1
11911,1,1
11912,0,0
11913,1,1
11914,0,0
11915,1,1
11916,1,1
11917,0,0
11918,0,0
11919,0,0
11920,0,0
11921,1,1
11922,1,1
11923,1,1
11924,0,0
11925,1,0
11926,0,0
11927,0,0
11928,1,1
11929,0,0
11930,1,0
11931,0,0
11932,1,1
11933,0,0
11934,0,0
11935,1,1
11936,1,1
11937,0,0
11938,0,0
11939,1,1
11940,1,1
11941,1,1
11942,0,0
11943,0,0
11944,1,1
11945,1,1
11946,0,0
11947,1,1
11948,1,1
11949,1,1
11950,0,0
11951,0,0
11952,1,1
11953,0,0
11954,1,1
11955,0,1
11956,1,1
11957,0,0
11958,1,1
11959,1,0
11960,0,0
11961,0,0
11962,0,0
11963,0,0
11964,1,1
11965,0,0
11966,1,1
11967,0,1
11968,0,0
11969,0,0
11970,0,0
11971,1,1
11972,0,0
11973,0,0
11974,1,1
11975,1,1
11976,1,1
11977,1,1
11978,0,0
11979,1,1
11980,1,1
11981,0,0
11982,1,1
11983,1,1
11984,0,0
11985,1,1
11986,1,1
11987,1,1
11988,1,1
11989,1,1
11990,0,0
11991,0,0
11992,1,1
11993,1,1
11994,0,0
11995,1,1
11996,1,1
11997,1,1
11998,0,0
11999,1,1
12000,1,0
12001,0,0
12002,0,0
12003,0,0
12004,0,0
12005,1,1
12006,1,1
12007,1,1
12008,0,0
12009,0,0
12010,0,0
12011,1,1
12012,0,0
12013,1,1
12014,1,1
12015,1,1
12016,1,1
12017,1,1
12018,0,0
12019,0,0
12020,0,0
12021,0,0
12022,1,1
12023,1,1
12024,0,0
12025,1,1
12026,1,1
12027,1,1
12028,1,1
12029,1,1
12030,0,0
12031,1,1
12032,0,1
12033,1,1
12034,1,1
12035,1,1
12036,0,0
12037,1,1
12038,1,1
12039,1,1
12040,0,0
12041,1,0
12042,1,1
12043,1,1
12044,0,0
12045,1,1
12046,1,1
12047,0,0
12048,0,0
12049,0,0
12050,1,1
12051,0,0
12052,1,1
12053,0,1
12054,0,0
12055,0,1
12056,1,1
12057,1,1
12058,1,0
12059,0,0
12060,1,1
12061,1,1
12062,1,0
12063,0,1
12064,1,1
12065,1,1
12066,0,0
12067,0,0
12068,0,0
12069,0,0
12070,0,0
12071,0,0
12072,1,0
12073,0,0
12074,0,0
12075,1,1
12076,1,1
12077,0,0
12078,1,1
12079,1,1
12080,0,0
12081,1,1
12082,0,0
12083,1,1
12084,0,0
12085,0,0
12086,1,1
12087,1,1
12088,0,0
12089,1,1
12090,1,1
12091,1,1
12092,1,1
12093,1,1
12094,1,0
12095,0,1
12096,1,1
12097,1,1
12098,1,0
12099,0,0
12100,1,1
12101,1,1
12102,0,0
12103,1,1
12104,1,1
12105,1,1
12106,1,1
12107,1,1
12108,0,0
12109,1,1
12110,1,0
12111,1,1
12112,1,1
12113,0,0
12114,1,1
12115,1,1
12116,0,0
12117,1,0
12118,0,1
12119,0,0
12120,1,1
12121,0,0
12122,1,1
12123,1,1
12124,0,0
12125,1,1
12126,1,1
12127,1,1
12128,1,0
12129,1,1
12130,0,0
12131,1,1
12132,0,0
12133,1,1
12134,0,1
12135,0,0
12136,0,0
12137,1,1
12138,1,1
12139,1,0
12140,0,0
12141,0,0
12142,1,1
12143,0,0
12144,0,0
12145,1,1
12146,1,1
12147,0,0
12148,1,1
12149,1,1
12150,1,1
12151,1,1
12152,1,1
12153,1,1
12154,1,1
12155,1,1
12156,1,0
12157,1,1
12158,0,0
12159,1,1
12160,1,1
12161,0,0
12162,1,0
12163,1,1
12164,1,1
12165,1,0
12166,0,0
12167,1,1
12168,0,0
12169,0,0
12170,1,1
12171,0,0
12172,1,1
12173,1,1
12174,1,1
12175,1,1
12176,0,0
12177,1,1
12178,1,1
12179,0,0
12180,0,0
12181,1,1
12182,1,0
12183,1,0
12184,1,1
12185,0,0
12186,1,1
12187,1,1
12188,1,1
12189,1,1
12190,1,1
12191,0,0
12192,1,1
12193,0,0
12194,0,0
12195,1,0
12196,0,1
12197,0,0
12198,0,0
12199,0,1
12200,0,0
12201,0,0
12202,1,1
12203,1,1
12204,1,1
12205,1,1
12206,0,0
12207,0,0
12208,1,0
12209,0,0
12210,0,0
12211,0,0
12212,0,0
12213,1,1
12214,0,0
12215,0,0
12216,1,1
12217,0,0
12218,1,1
12219,1,1
12220,1,1
12221,0,0
12222,0,0
12223,0,0
12224,0,1
12225,0,0
12226,1,1
12227,0,0
12228,1,1
12229,1,1
12230,0,0
12231,1,1
12232,0,0
12233,1,1
12234,1,1
12235,0,0
12236,1,1
12237,1,1
12238,1,1
12239,1,1
12240,1,1
12241,0,0
12242,1,1
12243,1,1
12244,1,0
12245,1,1
12246,1,1
12247,0,0
12248,1,1
12249,1,0
12250,1,1
12251,1,1
12252,0,0
12253,1,1
12254,0,0
12255,1,0
12256,0,0
12257,1,0
12258,1,1
12259,1,1
12260,1,1
12261,1,1
12262,1,0
12263,1,1
12264,0,0
12265,0,0
12266,1,1
12267,1,1
12268,0,0
12269,0,0
12270,1,0
12271,1,1
12272,1,1
12273,1,1
12274,0,0
12275,1,1
12276,1,1
12277,1,1
12278,1,1
12279,0,0
12280,1,1
12281,1,1
12282,0,0
12283,0,1
12284,0,0
12285,1,1
12286,0,0
12287,1,1
12288,0,0
12289,1,1
12290,1,0
12291,0,0
12292,0,0
12293,1,1
12294,1,1
12295,0,0
12296,0,0
12297,1,1
12298,1,1
12299,0,0
12300,1,1
12301,0,0
12302,1,0
12303,0,0
12304,1,0
12305,1,1
12306,0,0
12307,1,1
12308,1,1
12309,1,1
12310,1,1
12311,1,1
12312,1,1
12313,0,0
12314,0,0
12315,1,1
12316,0,0
12317,0,0
12318,0,0
12319,0,0
12320,0,0
12321,0,0
12322,1,0
12323,1,1
12324,1,1
12325,1,1
12326,1,1
12327,1,1
12328,0,0
12329,0,1
12330,1,1
12331,0,0
12332,0,1
12333,1,1
12334,1,1
12335,1,1
12336,1,1
12337,0,0
12338,0,0
12339,0,0
12340,1,1
12341,1,0
12342,1,1
12343,0,0
12344,1,1
12345,1,1
12346,1,1
12347,1,1
12348,1,0
12349,0,0
12350,1,1
12351,0,0
12352,1,1
12353,0,1
12354,1,1
12355,0,0
12356,1,1
12357,0,0
12358,1,1
12359,0,0
12360,1,1
12361,1,0
12362,0,0
12363,1,1
12364,0,0
12365,0,0
12366,1,1
12367,0,0
12368,1,0
12369,0,0
12370,0,0
12371,0,0
12372,0,0
12373,1,1
12374,0,0
12375,0,0
12376,0,0
12377,0,0
12378,0,0
12379,0,0
12380,1,1
12381,1,0
12382,0,0
12383,0,0
12384,0,0
12385,1,1
12386,0,0
12387,1,1
12388,1,1
12389,0,0
12390,1,1
12391,1,0
12392,0,0
12393,0,0
12394,1,1
12395,1,1
12396,0,0
12397,1,1
12398,0,0
12399,0,0
12400,0,0
12401,1,1
12402,0,0
12403,1,1
12404,1,1
12405,0,0
12406,1,1
12407,1,1
12408,1,1
12409,0,0
12410,1,1
12411,1,1
12412,1,1
12413,0,0
12414,0,1
12415,0,0
12416,0,0
12417,0,0
12418,1,1
12419,1,0
12420,1,0
12421,1,1
12422,1,1
12423,1,1
12424,1,1
12425,1,1
12426,0,0
12427,0,0
12428,1,1
12429,1,1
12430,0,0
12431,1,1
12432,1,1
12433,0,0
12434,0,0
12435,1,1
12436,1,0
12437,0,0
12438,0,0
12439,1,1
12440,1,1
12441,1,1
12442,0,0
12443,0,0
12444,0,0
12445,1,1
12446,1,1
12447,0,0
12448,1,1
12449,1,1
12450,1,1
12451,0,0
12452,0,0
12453,1,1
12454,0,0
12455,0,0
12456,0,0
12457,1,1
12458,0,0
12459,0,0
12460,1,1
12461,1,1
12462,1,1
12463,1,0
12464,1,1
12465,1,1
12466,1,1
12467,0,0
12468,1,1
12469,1,1
12470,1,0
12471,1,1
12472,1,1
12473,0,0
12474,0,0
12475,0,0
12476,0,0
12477,0,1
12478,0,0
12479,0,0
12480,1,1
12481,0,0
12482,1,1
12483,1,0
12484,0,0
12485,1,1
12486,0,0
12487,1,1
12488,0,0
12489,1,1
12490,1,1
12491,0,0
12492,1,1
12493,1,0
12494,1,1
12495,0,0
12496,1,1
12497,0,0
12498,1,1
12499,0,0
12500,0,0
12501,1,1
12502,0,0
12503,1,1
12504,1,1
12505,0,0
12506,1,1
12507,1,1
12508,1,1
12509,0,0
12510,1,0
12511,0,0
12512,1,1
12513,0,1
12514,1,1
12515,1,0
12516,1,0
12517,0,0
12518,1,0
12519,1,1
12520,1,1
12521,0,0
12522,0,0
12523,1,0
12524,1,1
12525,0,0
12526,0,0
12527,1,1
12528,1,1
12529,0,1
12530,1,1
12531,0,0
12532,0,0
12533,0,0
12534,1,0
12535,1,1
12536,1,1
12537,0,0
12538,1,1
12539,0,0
12540,1,1
12541,1,0
12542,1,1
12543,0,0
12544,0,0
12545,1,1
12546,0,0
12547,0,0
12548,1,1
12549,1,1
12550,1,1
12551,0,0
12552,0,0
12553,1,1
12554,1,1
12555,1,1
12556,1,1
12557,0,0
12558,0,0
12559,1,1
12560,0,0
12561,1,1
12562,1,0
12563,0,0
12564,0,0
12565,1,1
12566,0,0
12567,0,1
12568,1,1
12569,0,0
12570,1,1
12571,0,0
12572,1,0
12573,0,0
12574,0,0
12575,1,1
12576,0,0
12577,1,1
12578,0,0
12579,1,1
12580,1,1
12581,1,1
12582,0,0
12583,0,0
12584,0,0
12585,0,0
12586,0,0
12587,1,0
12588,1,1
12589,1,1
12590,1,1
12591,0,0
12592,0,1
12593,1,1
12594,0,0
12595,0,0
12596,1,1
12597,1,1
12598,1,0
12599,1,1
12600,1,1
12601,1,1
12602,1,1
12603,1,0
12604,1,1
12605,1,1
12606,1,1
12607,1,1
12608,1,1
12609,0,0
12610,0,0
12611,1,1
12612,1,1
12613,1,1
12614,0,0
12615,1,1
12616,1,1
12617,1,1
12618,1,1
12619,0,0
12620,0,0
12621,0,0
12622,1,1
12623,0,0
12624,1,1
12625,0,0
12626,1,1
12627,1,1
12628,1,1
12629,1,0
12630,0,0
12631,0,0
12632,0,0
12633,0,1
12634,0,0
12635,1,1
12636,1,1
12637,1,1
12638,1,1
12639,1,1
12640,1,1
12641,1,1
12642,0,0
12643,0,0
12644,0,1
12645,1,1
12646,1,1
12647,0,0
12648,1,1
12649,0,0
12650,0,0
12651,1,1
12652,0,0
12653,1,1
12654,0,1
12655,0,0
12656,0,0
12657,0,0
12658,0,0
12659,0,0
12660,0,0
12661,1,1
12662,0,0
12663,0,0
12664,1,1
12665,1,1
12666,1,1
12667,0,0
12668,1,0
12669,1,1
12670,1,1
12671,1,1
12672,1,1
12673,1,1
12674,0,0
12675,1,1
12676,0,0
12677,1,1
12678,1,1
12679,0,0
12680,1,1
12681,1,1
12682,1,1
12683,0,0
12684,0,0
12685,0,1
12686,0,0
12687,1,1
12688,0,0
12689,1,1
12690,1,1
12691,1,1
12692,1,0
12693,1,1
12694,1,1
12695,1,1
12696,1,0
12697,0,0
12698,0,0
12699,1,1
12700,1,1
12701,0,0
12702,1,1
12703,1,1
12704,1,1
12705,1,1
12706,0,0
12707,0,0
12708,0,0
12709,0,0
12710,1,1
12711,0,0
12712,1,1
12713,1,1
12714,0,1
12715,1,1
12716,0,0
12717,0,1
12718,1,0
12719,1,1
12720,0,0
12721,1,1
12722,0,0
12723,0,0
12724,1,0
12725,1,1
12726,0,0
12727,1,1
12728,1,1
12729,1,1
12730,1,1
12731,1,0
12732,1,1
12733,1,1
12734,1,1
12735,1,0
12736,1,0
12737,1,1
12738,1,1
12739,0,0
12740,1,0
12741,0,0
12742,1,1
12743,1,1
12744,1,1
12745,0,0
12746,1,1
12747,1,1
12748,1,1
12749,1,1
12750,1,1
12751,0,0
12752,1,1
12753,1,1
12754,1,1
12755,1,1
12756,0,0
12757,1,1
12758,1,1
12759,1,1
12760,0,0
12761,1,1
12762,1,1
12763,1,0
12764,0,0
12765,1,1
12766,1,1
12767,1,1
12768,0,0
12769,1,1
12770,1,1
12771,0,1
12772,1,1
12773,1,1
12774,0,0
12775,1,1
12776,1,1
12777,1,0
12778,0,0
12779,1,1
12780,0,0
12781,1,1
12782,0,0
12783,1,0
12784,0,0
12785,1,1
12786,1,1
12787,1,1
12788,0,0
12789,1,1
12790,0,1
12791,0,0
12792,0,0
12793,0,1
12794,0,0
12795,0,0
12796,0,0
12797,0,0
12798,0,0
12799,0,0
12800,0,0
12801,1,1
12802,1,1
12803,1,1
12804,0,0
12805,0,0
12806,0,0
12807,1,1
12808,0,0
12809,1,1
12810,1,1
12811,1,1
12812,1,1
12813,0,0
12814,0,0
12815,1,1
12816,1,1
12817,0,0
12818,0,0
12819,0,0
12820,1,0
12821,1,1
12822,1,1
12823,1,1
12824,1,0
12825,0,0
12826,0,0
12827,0,0
12828,0,0
12829,1,0
12830,0,0
12831,0,0
12832,0,0
12833,0,0
12834,1,0
12835,1,1
12836,0,0
12837,0,0
12838,0,0
12839,1,1
12840,1,1
12841,1,1
12842,0,0
12843,1,1
12844,0,0
12845,0,0
12846,0,0
12847,1,1
12848,1,1
12849,0,0
12850,1,1
12851,0,0
12852,1,1
12853,1,1
12854,0,0
12855,1,1
12856,0,0
12857,0,0
12858,0,1
12859,0,0
12860,1,1
12861,1,0
12862,0,0
12863,1,0
12864,1,1
12865,0,0
12866,1,1
12867,0,0
12868,0,0
12869,0,0
12870,0,0
12871,1,1
12872,1,1
12873,1,0
12874,1,1
12875,0,0
12876,0,0
12877,0,0
12878,1,1
12879,1,1
12880,1,1
12881,1,1
12882,1,1
12883,0,0
12884,0,0
12885,1,1
12886,1,0
12887,1,1
12888,1,1
12889,0,0
12890,1,1
12891,0,0
12892,1,0
12893,0,0
12894,1,1
12895,0,0
12896,1,1
12897,1,1
12898,1,1
12899,1,1
12900,0,0
12901,1,1
12902,1,0
12903,1,1
12904,1,1
12905,1,0
12906,1,1
12907,1,1
12908,1,1
12909,1,1
12910,0,0
12911,0,0
12912,1,1
12913,0,1
12914,1,1
12915,1,1
12916,0,0
12917,0,0
12918,1,1
12919,0,0
12920,1,0
12921,0,0
12922,0,0
12923,0,0
12924,1,1
12925,0,0
12926,0,0
12927,0,0
12928,0,0
12929,0,0
12930,1,1
12931,1,1
12932,1,1
12933,0,0
12934,1,1
12935,0,0
12936,1,1
12937,1,1
12938,0,0
12939,1,1
12940,1,1
12941,1,1
12942,0,0
12943,1,1
12944,0,0
12945,1,0
12946,1,1
12947,1,1
12948,0,0
12949,1,1
12950,0,0
12951,0,0
12952,1,1
12953,0,1
12954,0,0
12955,1,1
12956,0,0
12957,1,1
12958,1,1
12959,1,1
12960,1,1
12961,1,1
12962,0,0
12963,0,0
12964,0,0
12965,0,0
12966,0,0
12967,0,1
12968,0,0
12969,1,1
12970,0,0
12971,1,1
12972,0,0
12973,1,1
12974,1,0
12975,1,1
12976,1,1
12977,1,1
12978,1,1
12979,1,1
12980,1,1
12981,1,0
12982,1,1
12983,0,0
12984,0,0
12985,0,0
12986,0,0
12987,0,0
12988,0,0
12989,1,1
12990,0,0
12991,1,1
12992,1,1
12993,0,0
12994,0,0
12995,0,1
12996,1,0
12997,0,0
12998,0,0
12999,0,0
13000,1,0
13001,0,0
13002,1,1
13003,0,0
13004,1,1
13005,1,1
13006,1,1
13007,1,0
13008,0,0
13009,0,0
13010,1,1
13011,1,1
13012,0,0
13013,1,1
13014,1,1
13015,1,1
13016,0,0
13017,1,1
13018,1,1
13019,1,1
13020,1,1
13021,0,0
13022,1,1
13023,1,1
13024,0,0
13025,0,0
13026,1,1
13027,1,1
13028,0,0
13029,0,1
13030,0,0
13031,1,1
13032,0,0
13033,0,1
13034,1,1
13035,0,0
13036,0,0
13037,0,0
13038,1,0
13039,1,1
13040,1,1
13041,1,1
13042,1,1
13043,0,0
13044,1,1
13045,1,1
13046,1,0
13047,1,1
13048,0,0
13049,1,1
13050,0,0
13051,1,0
13052,0,0
13053,1,1
13054,1,1
13055,0,0
13056,1,1
13057,1,1
13058,0,0
13059,0,0
13060,1,1
13061,0,1
13062,1,1
13063,1,1
13064,1,1
13065,1,1
13066,1,1
13067,1,0
13068,1,0
13069,0,0
13070,1,1
13071,1,1
13072,1,0
13073,1,1
13074,1,1
13075,1,1
13076,0,0
13077,1,0
13078,0,0
13079,1,1
13080,0,0
13081,0,0
13082,1,1
13083,1,1
13084,0,1
13085,1,1
13086,1,1
13087,1,1
13088,0,0
13089,0,0
13090,1,1
13091,0,0
13092,1,1
13093,1,1
13094,1,0
13095,0,0
13096,0,0
13097,0,0
13098,1,1
13099,1,1
13100,0,0
13101,1,1
13102,1,1
13103,1,1
13104,0,0
13105,0,0
13106,1,1
13107,0,0
13108,0,0
13109,1,1
13110,0,0
13111,1,1
13112,1,1
13113,0,0
13114,1,0
13115,0,0
13116,0,1
13117,1,1
13118,1,1
13119,1,1
13120,0,0
13121,1,1
13122,1,1
13123,0,0
13124,1,1
13125,1,1
13126,1,1
13127,1,1
13128,0,0
13129,1,1
13130,0,0
13131,1,1
13132,1,1
13133,1,1
13134,1,1
13135,1,1
13136,0,0
13137,1,1
13138,0,0
13139,1,1
13140,1,1
13141,1,1
13142,0,0
13143,1,1
13144,0,0
13145,0,0
13146,0,0
13147,1,1
13148,1,1
13149,1,1
13150,0,0
13151,1,0
13152,1,1
13153,1,1
13154,1,1
13155,0,0
13156,0,1
13157,1,1
13158,1,1
13159,0,0
13160,1,0
13161,0,1
13162,1,0
13163,1,1
13164,0,0
13165,0,0
13166,1,0
13167,0,0
13168,0,0
13169,0,0
13170,0,0
13171,0,0
13172,1,1
13173,1,0
13174,1,1
13175,1,1
13176,1,1
13177,1,1
13178,1,1
13179,0,0
13180,1,1
13181,0,0
13182,1,1
13183,1,1
13184,1,1
13185,1,1
13186,0,0
13187,1,1
13188,1,1
13189,0,0
13190,0,0
13191,0,0
13192,1,1
13193,0,0
13194,0,0
13195,0,0
13196,1,1
13197,0,0
13198,0,0
13199,0,0
13200,0,0
13201,1,1
13202,1,0
13203,1,1
13204,1,1
13205,1,0
13206,0,0
13207,0,0
13208,0,0
13209,0,1
13210,1,1
13211,0,0
13212,1,0
13213,0,0
13214,1,0
13215,0,0
13216,0,0
13217,0,0
13218,1,0
13219,0,0
13220,0,1
13221,0,0
13222,0,0
13223,1,1
13224,1,0
13225,0,0
13226,1,1
13227,1,1
13228,1,1
13229,1,0
13230,0,0
13231,0,0
13232,1,1
13233,0,0
13234,0,0
13235,0,1
13236,1,1
13237,0,0
13238,0,1
13239,0,0
13240,0,0
13241,0,0
13242,1,1
13243,1,1
13244,1,1
13245,1,1
13246,1,0
13247,1,1
13248,1,1
13249,1,1
13250,1,1
13251,1,1
13252,1,0
13253,1,1
13254,0,0
13255,1,1
13256,1,0
13257,1,1
13258,0,0
13259,0,0
13260,0,0
13261,0,0
13262,0,0
13263,0,0
13264,0,0
13265,0,0
13266,0,0
13267,1,1
13268,1,1
13269,1,0
13270,1,1
13271,0,0
13272,0,0
13273,1,1
13274,1,1
13275,0,0
13276,0,0
13277,1,1
13278,1,1
13279,1,1
13280,0,0
13281,0,0
13282,1,0
13283,0,0
13284,1,1
13285,1,1
13286,0,0
13287,1,1
13288,1,0
13289,1,1
13290,1,1
13291,0,0
13292,0,0
13293,0,0
13294,1,1
13295,0,0
13296,0,0
13297,1,1
13298,1,1
13299,1,1
13300,0,0
13301,1,1
13302,1,1
13303,0,0
13304,1,1
13305,1,1
13306,0,0
13307,0,0
13308,1,0
13309,1,1
13310,0,1
13311,1,1
13312,0,0
13313,1,1
13314,0,0
13315,1,1
13316,1,0
13317,1,1
13318,0,1
13319,0,0
13320,0,0
13321,0,0
13322,0,0
13323,0,0
13324,0,0
13325,1,1
13326,0,1
13327,1,1
13328,1,0
13329,1,1
13330,1,1
13331,0,0
13332,1,1
13333,0,0
13334,1,1
13335,0,0
13336,1,1
13337,0,0
13338,1,1
13339,0,0
13340,1,1
13341,1,1
13342,1,1
13343,0,0
13344,0,0
13345,1,1
13346,1,0
13347,1,1
13348,1,1
13349,1,1
13350,1,1
13351,1,1
13352,0,0
13353,0,0
13354,0,0
13355,1,1
13356,0,0
13357,1,1
13358,0,0
13359,1,1
13360,0,0
13361,0,0
13362,1,1
13363,1,1
13364,1,1
13365,0,0
13366,1,1
13367,0,0
13368,0,1
13369,1,1
13370,1,1
13371,1,1
13372,1,1
13373,1,1
13374,1,1
13375,0,0
13376,0,0
13377,0,0
13378,1,1
13379,1,1
13380,0,0
13381,1,1
13382,1,1
13383,0,0
13384,1,0
13385,1,1
13386,0,0
13387,0,0
13388,1,1
13389,1,1
13390,0,0
13391,1,1
13392,1,0
13393,1,1
13394,1,1
13395,1,1
13396,0,0
13397,0,0
13398,1,1
13399,1,1
13400,1,1
13401,1,1
13402,1,1
13403,0,0
13404,1,1
13405,0,0
13406,1,1
13407,0,1
13408,1,1
13409,0,0
13410,0,0
13411,0,0
13412,0,1
13413,1,1
13414,1,1
13415,1,1
13416,0,0
13417,1,0
13418,0,1
13419,1,1
13420,0,0
13421,0,0
13422,0,0
13423,0,0
13424,0,0
13425,1,1
13426,0,0
13427,1,1
13428,1,1
13429,1,1
13430,1,1
13431,1,0
13432,1,1
13433,1,1
13434,1,0
13435,1,1
13436,0,0
13437,1,1
13438,0,0
13439,0,0
13440,0,0
13441,0,0
13442,1,1
13443,0,0
13444,0,1
13445,0,1
13446,1,1
13447,0,0
13448,0,0
13449,0,0
13450,1,0
13451,0,0
13452,0,1
13453,0,0
13454,0,0
13455,0,0
13456,1,1
13457,1,1
13458,1,1
13459,1,1
13460,1,0
13461,1,1
13462,0,0
13463,1,1
13464,1,1
13465,0,0
13466,0,0
13467,1,1
13468,1,0
13469,1,1
13470,1,1
13471,0,0
13472,0,0
13473,0,0
13474,1,1
13475,0,0
13476,0,0
13477,1,1
13478,1,1
13479,1,1
13480,1,0
13481,0,0
13482,1,1
13483,1,1
13484,1,1
13485,0,0
13486,1,1
13487,1,1
13488,1,1
13489,1,1
13490,0,0
13491,1,1
13492,1,1
13493,1,1
13494,0,0
13495,1,1
13496,0,0
13497,0,0
13498,0,0
13499,1,1
13500,1,1
13501,0,0
13502,0,0
13503,1,0
13504,1,1
13505,1,0
13506,1,1
13507,1,1
13508,1,1
13509,1,1
13510,1,1
13511,1,1
13512,1,1
13513,1,1
13514,0,0
13515,1,1
13516,0,0
13517,1,1
13518,0,0
13519,0,0
13520,0,1
13521,1,1
13522,1,1
13523,1,1
13524,1,1
13525,1,1
13526,0,0
13527,0,0
13528,1,1
13529,1,0
13530,1,1
13531,0,0
13532,0,0
13533,1,1
13534,0,0
13535,1,1
13536,0,0
13537,1,1
13538,1,1
13539,1,1
13540,1,1
13541,0,0
13542,0,0
13543,1,1
13544,0,0
13545,0,0
13546,1,1
13547,1,1
13548,0,0
13549,0,0
13550,0,0
13551,1,1
13552,0,0
13553,1,1
13554,0,0
13555,0,1
13556,1,0
13557,1,1
13558,0,0
13559,0,0
13560,1,1
13561,1,1
13562,1,1
13563,1,1
13564,1,1
13565,0,0
13566,1,1
13567,1,1
13568,0,0
13569,0,0
13570,1,1
13571,0,0
13572,1,1
13573,1,1
13574,0,0
13575,1,1
13576,1,1
13577,0,0
13578,1,0
13579,1,0
13580,0,0
13581,1,1
13582,0,0
13583,0,0
13584,1,1
13585,1,1
13586,1,1
13587,1,1
13588,1,1
13589,0,0
13590,0,0
13591,1,1
13592,0,1
13593,0,0
13594,1,1
13595,1,1
13596,0,0
13597,1,1
13598,1,1
13599,1,1
13600,0,0
13601,0,1
13602,1,1
13603,1,1
13604,0,0
13605,1,1
13606,0,0
13607,0,0
13608,1,1
13609,0,0
13610,1,1
13611,1,1
13612,0,0
13613,1,1
13614,0,0
13615,0,1
13616,1,1
13617,1,1
13618,0,0
13619,1,1
13620,0,0
13621,1,1
13622,0,1
13623,1,1
13624,1,1
13625,1,1
13626,0,1
13627,0,0
13628,0,0
13629,1,1
13630,1,1
13631,0,0
13632,0,0
13633,0,0
13634,1,1
13635,0,1
13636,0,0
13637,0,1
13638,1,1
13639,1,1
13640,1,1
13641,1,1
13642,0,0
13643,0,0
13644,0,0
13645,0,1
13646,1,1
13647,0,0
13648,0,0
13649,0,1
13650,1,1
13651,0,1
13652,1,1
13653,1,1
13654,1,1
13655,1,1
13656,0,0
13657,1,1
13658,1,1
13659,0,0
13660,1,1
13661,1,1
13662,0,0
13663,0,0
13664,0,0
13665,1,1
13666,0,0
13667,0,1
13668,1,1
13669,1,1
13670,1,1
13671,0,0
13672,1,1
13673,1,1
13674,1,0
13675,0,0
13676,0,0
13677,1,1
13678,1,1
13679,1,1
13680,0,0
13681,0,0
13682,1,0
13683,1,1
13684,0,0
13685,0,0
13686,0,0
13687,1,1
13688,0,0
13689,0,0
13690,1,1
13691,0,0
13692,0,1
13693,0,0
13694,1,1
13695,1,1
13696,1,1
13697,0,0
13698,1,1
13699,0,0
13700,1,1
13701,0,0
13702,1,1
13703,0,0
13704,1,1
13705,0,0
13706,1,0
13707,0,0
13708,1,1
13709,0,0
13710,1,0
13711,1,1
13712,0,0
13713,0,0
13714,1,1
13715,0,0
13716,1,1
13717,0,0
13718,0,1
13719,1,1
13720,0,0
13721,1,1
13722,0,0
13723,0,0
13724,1,1
13725,0,0
13726,0,1
13727,0,0
13728,0,0
13729,0,0
13730,1,1
13731,1,0
13732,0,0
13733,1,1
13734,0,0
13735,1,1
13736,0,0
13737,1,1
13738,1,1
13739,1,1
13740,0,0
13741,1,1
13742,1,1
13743,0,0
13744,0,0
13745,1,0
13746,1,1
13747,1,0
13748,1,1
13749,1,1
13750,1,1
13751,0,0
13752,0,1
13753,0,0
13754,0,0
13755,1,1
13756,0,0
13757,1,1
13758,1,1
13759,1,0
13760,1,1
13761,1,1
13762,1,1
13763,1,1
13764,0,0
13765,1,1
13766,0,0
13767,1,1
13768,0,0
13769,0,0
13770,1,1
13771,0,1
13772,1,1
13773,1,1
13774,0,0
13775,1,1
13776,0,0
13777,0,0
13778,0,0
13779,1,0
13780,0,0
13781,0,0
13782,0,0
13783,1,0
13784,1,1
13785,1,1
13786,0,0
13787,1,1
13788,0,0
13789,0,0
13790,1,1
13791,1,1
13792,0,0
13793,0,0
13794,0,0
13795,1,0
13796,1,1
13797,1,1
13798,1,0
13799,1,1
13800,1,1
13801,0,0
13802,0,0
13803,1,1
13804,0,0
13805,1,1
13806,1,1
13807,1,1
13808,1,1
13809,1,1
13810,0,0
13811,1,1
13812,0,0
13813,0,0
13814,1,1
13815,1,1
13816,1,1
13817,1,0
13818,0,0
13819,1,1
13820,0,0
13821,0,0
13822,0,0
13823,1,1
13824,0,0
13825,0,0
13826,0,0
13827,0,0
13828,0,1
13829,1,1
13830,1,1
13831,1,1
13832,1,1
13833,0,0
13834,1,1
13835,1,1
13836,1,1
13837,1,1
13838,0,0
13839,1,1
13840,1,1
13841,0,0
13842,0,0
13843,0,0
13844,1,1
13845,1,1
13846,0,0
13847,0,0
13848,0,0
13849,0,1
13850,0,0
13851,1,1
13852,1,0
13853,0,0
13854,0,0
13855,1,1
13856,1,1
13857,0,0
13858,1,1
13859,1,1
13860,1,1
13861,0,0
13862,1,1
13863,0,0
13864,1,1
13865,0,0
13866,1,1
13867,1,1
13868,0,0
13869,0,0
13870,1,1
13871,1,1
13872,0,0
13873,1,1
13874,1,1
13875,1,1
13876,0,0
13877,0,0
13878,0,0
13879,0,0
13880,1,0
13881,1,1
13882,1,1
13883,1,1
13884,0,0
13885,0,0
13886,0,0
13887,0,0
13888,0,0
13889,0,0
13890,1,1
13891,1,1
13892,0,0
13893,1,1
13894,1,0
13895,1,0
13896,1,1
13897,0,1
13898,1,1
13899,1,1
13900,0,0
13901,1,1
13902,1,1
13903,0,0
13904,0,0
13905,1,1
13906,0,0
13907,1,1
13908,0,0
13909,1,1
13910,0,0
13911,1,1
13912,0,0
13913,1,0
13914,1,1
13915,1,1
13916,0,0
13917,1,1
13918,1,1
13919,1,1
13920,1,1
13921,1,1
13922,1,1
13923,0,0
13924,0,0
13925,0,1
13926,0,0
13927,0,0
13928,1,1
13929,0,0
13930,0,0
13931,0,0
13932,0,0
13933,1,1
13934,0,0
13935,0,0
13936,0,1
13937,0,0
13938,0,0
13939,0,1
13940,1,1
13941,1,1
13942,1,1
13943,0,0
13944,0,0
13945,1,1
13946,0,1
13947,0,0
13948,1,1
13949,0,1
13950,0,0
13951,0,0
13952,0,0
13953,0,0
13954,0,0
13955,0,0
13956,0,0
13957,0,0
13958,0,0
13959,1,1
13960,0,0
13961,1,1
13962,0,0
13963,0,0
13964,0,1
13965,1,1
13966,0,0
13967,1,0
13968,0,0
13969,0,0
13970,1,0
13971,0,0
13972,1,1
13973,1,1
13974,0,1
13975,0,0
13976,0,1
13977,1,1
13978,0,0
13979,0,0
13980,1,1
13981,1,1
13982,0,1
13983,1,1
13984,1,1
13985,1,1
13986,1,1
13987,0,0
13988,1,1
13989,1,1
13990,0,0
13991,1,1
13992,0,0
13993,1,1
13994,1,1
13995,0,0
13996,1,1
13997,0,0
13998,1,1
13999,1,1
14000,1,1
14001,0,0
14002,1,1
14003,1,1
14004,0,0
14005,1,1
14006,1,1
14007,1,1
14008,1,0
14009,0,0
14010,1,1
14011,0,1
14012,0,0
14013,1,1
14014,1,1
14015,0,0
14016,0,0
14017,0,1
14018,1,1
14019,1,1
14020,0,0
14021,0,0
14022,0,0
14023,1,1
14024,0,0
14025,1,0
14026,1,1
14027,1,0
14028,0,1
14029,0,0
14030,0,0
14031,0,0
14032,0,0
14033,1,1
14034,0,0
14035,1,1
14036,0,0
14037,0,1
14038,1,0
14039,0,1
14040,0,1
14041,0,0
14042,1,1
14043,1,1
14044,1,1
14045,0,0
14046,1,1
14047,0,0
14048,0,0
14049,0,0
14050,1,1
14051,1,1
14052,0,0
14053,1,1
14054,1,1
14055,1,0
14056,1,1
14057,1,1
14058,1,1
14059,0,0
14060,0,0
14061,0,0
14062,1,1
14063,1,1
14064,0,1
14065,0,0
14066,0,0
14067,1,1
14068,1,1
14069,1,1
14070,0,0
14071,1,1
14072,0,0
14073,1,0
14074,0,0
14075,1,1
14076,0,0
14077,0,0
14078,1,1
14079,0,0
14080,1,1
14081,0,0
14082,1,1
14083,1,1
14084,1,0
14085,0,0
14086,1,1
14087,0,0
14088,0,0
14089,1,1
14090,1,1
14091,1,0
14092,0,0
14093,1,1
14094,0,0
14095,1,1
14096,1,0
14097,1,1
14098,1,1
14099,1,1
14100,0,0
14101,1,1
14102,0,0
14103,1,1
14104,1,1
14105,0,0
14106,1,1
14107,1,1
14108,0,0
14109,0,0
14110,1,1
14111,1,1
14112,1,1
14113,1,1
14114,0,0
14115,1,1
14116,0,0
14117,0,0
14118,0,0
14119,1,1
14120,1,1
14121,0,0
14122,0,0
14123,0,0
14124,1,0
14125,0,0
14126,1,1
14127,0,0
14128,0,0
14129,1,1
14130,0,0
14131,0,0
14132,1,1
14133,1,1
14134,1,1
14135,0,1
14136,1,1
14137,1,1
14138,1,1
14139,1,1
14140,0,0
14141,1,1
14142,1,1
14143,0,0
14144,1,1
14145,0,0
14146,1,0
14147,1,1
14148,1,1
14149,1,1
14150,1,1
14151,0,1
14152,1,1
14153,0,0
14154,1,1
14155,1,1
14156,1,0
14157,0,0
14158,1,1
14159,1,1
14160,1,1
14161,0,0
14162,1,0
14163,1,0
14164,1,0
14165,0,0
14166,1,1
14167,1,1
14168,0,0
14169,1,0
14170,1,1
14171,0,0
14172,1,1
14173,0,0
14174,0,1
14175,0,0
14176,1,1
14177,0,0
14178,1,1
14179,0,0
14180,0,0
14181,0,0
14182,1,0
14183,0,0
14184,0,0
14185,0,0
14186,0,1
14187,1,0
14188,1,0
14189,0,0
14190,0,0
14191,0,0
14192,0,0
14193,0,0
14194,0,0
14195,0,0
14196,1,1
14197,1,1
14198,1,1
14199,0,0
14200,1,1
14201,0,0
14202,1,1
14203,0,0
14204,1,0
14205,1,1
14206,1,1
14207,1,1
14208,0,0
14209,1,1
14210,0,0
14211,1,1
14212,1,1
14213,1,1
14214,0,0
14215,1,1
14216,1,1
14217,1,1
14218,0,0
14219,1,1
14220,1,1
14221,1,1
14222,0,0
14223,1,0
14224,1,1
14225,1,1
14226,0,0
14227,1,1
14228,0,0
14229,1,1
14230,1,1
14231,1,0
14232,1,0
14233,1,1
14234,1,0
14235,0,0
14236,0,0
14237,0,0
14238,0,0
14239,1,0
14240,1,1
14241,0,1
14242,1,1
14243,0,0
14244,0,0
14245,0,0
14246,0,0
14247,1,1
14248,0,0
14249,0,0
14250,0,0
14251,1,1
14252,1,1
14253,0,0
14254,0,0
14255,1,1
14256,0,0
14257,1,1
14258,0,0
14259,0,0
14260,1,0
14261,1,1
14262,1,1
14263,1,1
14264,1,1
14265,0,0
14266,1,1
14267,0,1
14268,1,1
14269,0,0
14270,0,0
14271,0,0
14272,1,1
14273,1,1
14274,1,1
14275,1,1
14276,0,0
14277,1,1
14278,1,1
14279,1,0
14280,0,0
14281,0,0
14282,0,0
14283,1,1
14284,1,1
14285,1,0
14286,0,0
14287,1,0
14288,0,0
14289,1,0
14290,1,1
14291,1,1
14292,1,1
14293,0,0
14294,1,0
14295,0,1
14296,1,0
14297,1,1
14298,0,0
14299,1,0
14300,1,1
14301,0,0
14302,0,0
14303,0,0
14304,0,0
14305,0,0
14306,1,1
14307,1,1
14308,1,0
14309,1,1
14310,0,0
14311,0,1
14312,0,0
14313,0,0
14314,1,1
14315,1,1
14316,1,1
14317,0,0
14318,1,1
14319,1,1
14320,1,1
14321,0,0
14322,0,0
14323,1,1
14324,1,1
14325,1,1
14326,1,1
14327,1,1
14328,1,0
14329,1,1
14330,0,0
14331,1,1
14332,1,1
14333,1,0
14334,0,0
14335,0,0
14336,1,1
14337,1,1
14338,0,0
14339,0,0
14340,1,1
14341,0,0
14342,1,1
14343,1,1
14344,1,0
14345,1,1
14346,1,1
14347,0,0
14348,0,0
14349,1,1
14350,0,0
14351,0,0
14352,0,0
14353,1,1
14354,1,1
14355,1,1
14356,1,1
14357,1,1
14358,1,1
14359,1,1
14360,0,0
14361,1,1
14362,1,0
14363,0,0
14364,0,0
14365,1,1
14366,1,0
14367,1,1
14368,0,0
14369,0,0
14370,1,1
14371,1,1
14372,0,0
14373,1,1
14374,0,0
14375,1,1
14376,1,0
14377,1,1
14378,0,1
14379,0,0
14380,1,1
14381,0,0
14382,1,0
14383,1,1
14384,0,0
14385,1,1
14386,0,0
14387,1,1
14388,1,1
14389,1,0
14390,1,1
14391,0,0
14392,1,1
14393,1,1
14394,1,0
14395,0,0
14396,1,1
14397,1,1
14398,0,1
14399,0,0
14400,0,0
14401,1,1
14402,1,1
14403,0,1
14404,0,0
14405,0,0
14406,1,1
14407,1,1
14408,0,0
14409,1,1
14410,0,0
14411,1,1
14412,1,1
14413,1,1
14414,0,0
14415,0,0
14416,0,1
14417,0,0
14418,1,1
14419,1,1
14420,0,0
14421,0,0
14422,1,1
14423,1,1
14424,0,0
14425,1,0
14426,1,1
14427,1,1
14428,1,1
14429,0,0
14430,1,1
14431,0,0
14432,0,0
14433,0,0
14434,0,0
14435,0,0
14436,1,1
14437,1,1
14438,1,1
14439,0,0
14440,0,0
14441,0,0
14442,1,1
14443,1,1
14444,1,1
14445,1,0
14446,0,0
14447,0,1
14448,1,1
14449,0,0
14450,0,1
14451,1,1
14452,1,1
14453,0,0
14454,0,0
14455,1,1
14456,1,1
14457,0,1
14458,0,0
14459,1,1
14460,0,0
14461,1,1
14462,1,1
14463,0,0
14464,1,1
14465,0,0
14466,0,0
14467,1,1
14468,1,1
14469,1,1
14470,1,1
14471,1,1
14472,0,0
14473,1,0
14474,0,1
14475,0,0
14476,1,1
14477,0,0
14478,0,0
14479,1,1
14480,1,1
14481,1,1
14482,1,1
14483,0,0
14484,1,0
14485,0,0
14486,0,0
14487,0,0
14488,0,0
14489,1,1
14490,0,0
14491,0,0
14492,1,1
14493,0,0
14494,1,1
14495,1,1
14496,0,0
14497,0,1
14498,1,1
14499,1,1
14500,0,0
14501,0,0
14502,1,0
14503,0,0
14504,0,0
14505,1,1
14506,0,0
14507,0,0
14508,1,1
14509,0,0
14510,1,0
14511,0,0
14512,1,1
14513,0,0
14514,1,1
14515,1,1
14516,0,0
14517,1,0
14518,0,0
14519,1,1
14520,1,1
14521,1,1
14522,1,1
14523,0,0
14524,1,1
14525,0,0
14526,0,1
14527,0,0
14528,0,0
14529,1,1
14530,0,0
14531,1,1
14532,0,1
14533,0,0
14534,1,1
14535,0,0
14536,1,1
14537,1,1
14538,1,1
14539,0,0
14540,0,0
14541,0,1
14542,1,1
14543,0,0
14544,0,0
14545,1,1
14546,0,0
14547,0,0
14548,1,1
14549,0,0
14550,0,0
14551,1,1
14552,0,0
14553,1,0
14554,0,1
14555,0,0
14556,1,1
14557,0,0
14558,1,1
14559,0,0
14560,1,1
14561,1,1
14562,1,1
14563,1,1
14564,1,1
14565,0,0
14566,0,1
14567,0,0
14568,0,1
14569,1,1
14570,1,1
14571,0,0
14572,0,0
14573,1,1
14574,1,1
14575,0,0
14576,1,1
14577,1,1
14578,0,0
14579,1,1
14580,1,0
14581,1,1
14582,0,0
14583,1,1
14584,0,0
14585,0,0
14586,0,0
14587,1,1
14588,1,1
14589,0,0
14590,1,1
14591,1,1
14592,0,0
14593,1,1
14594,1,1
14595,0,0
14596,1,1
14597,1,1
14598,0,0
14599,1,0
14600,1,1
14601,0,0
14602,0,0
14603,1,1
14604,1,1
14605,0,1
14606,1,1
14607,1,1
14608,0,0
14609,1,1
14610,1,1
14611,1,1
14612,1,0
14613,1,1
14614,1,1
14615,0,0
14616,0,0
14617,1,1
14618,1,1
14619,1,1
14620,1,1
14621,0,0
14622,0,0
14623,1,1
14624,1,0
14625,1,1
14626,0,0
14627,0,0
14628,1,1
14629,1,1
14630,1,1
14631,0,0
14632,1,1
14633,0,0
14634,0,0
14635,0,0
14636,1,1
14637,1,1
14638,1,1
14639,0,0
14640,1,0
14641,0,0
14642,1,1
14643,1,1
14644,0,0
14645,0,0
14646,1,0
14647,1,1
14648,1,1
14649,0,0
14650,1,1
14651,1,1
14652,1,1
14653,0,0
14654,0,0
14655,0,0
14656,1,1
14657,1,0
14658,1,1
14659,1,0
14660,0,0
14661,1,1
14662,1,1
14663,0,0
14664,0,0
14665,0,0
14666,0,0
14667,0,0
14668,1,1
14669,1,1
14670,1,1
14671,1,1
14672,0,0
14673,0,0
14674,1,1
14675,1,1
14676,0,0
14677,1,0
14678,1,0
14679,1,1
14680,1,1
14681,1,1
14682,1,1
14683,1,0
14684,0,0
14685,1,1
14686,1,1
14687,1,1
14688,0,1
14689,0,0
14690,1,1
14691,1,1
14692,1,1
14693,0,0
14694,1,0
14695,1,0
14696,1,1
14697,1,1
14698,1,1
14699,0,0
14700,1,1
14701,1,1
14702,1,1
14703,1,1
14704,0,0
14705,0,0
14706,1,1
14707,0,0
14708,1,1
14709,1,0
14710,1,1
14711,1,1
14712,1,1
14713,0,0
14714,1,1
14715,1,1
14716,1,1
14717,1,1
14718,0,0
14719,1,0
14720,0,0
14721,0,0
14722,1,1
14723,1,0
14724,1,1
14725,1,1
14726,0,0
14727,1,0
14728,1,0
14729,0,0
14730,0,0
14731,0,0
14732,1,1
14733,0,0
14734,0,0
14735,1,1
14736,0,0
14737,1,1
14738,0,1
14739,0,0
14740,1,0
14741,0,0
14742,1,1
14743,1,1
14744,1,1
14745,0,0
14746,0,0
14747,0,0
14748,1,1
14749,1,1
14750,1,1
14751,1,1
14752,1,1
14753,0,0
14754,0,0
14755,0,0
14756,1,1
14757,1,1
14758,1,1
14759,1,1
14760,1,0
14761,1,0
14762,0,0
14763,1,1
14764,1,1
14765,0,1
14766,0,0
14767,1,1
14768,0,0
14769,0,0
14770,1,1
14771,1,1
14772,0,1
14773,1,1
14774,0,1
14775,0,0
14776,0,0
14777,1,1
14778,0,0
14779,0,1
14780,1,1
14781,1,1
14782,0,0
14783,1,0
14784,1,1
14785,0,0
14786,1,1
14787,0,0
14788,0,0
14789,1,0
14790,1,1
14791,0,0
14792,1,1
14793,1,1
14794,1,1
14795,0,0
14796,0,0
14797,0,0
14798,1,0
14799,1,1
14800,1,1
14801,0,0
14802,0,0
14803,0,0
14804,0,0
14805,1,1
14806,0,0
14807,0,0
14808,0,0
14809,0,0
14810,0,0
14811,0,0
14812,1,0
14813,0,0
14814,1,1
14815,1,0
14816,0,0
14817,1,1
14818,0,0
14819,1,0
14820,1,1
14821,1,1
14822,1,1
14823,0,0
14824,0,0
14825,1,1
14826,1,1
14827,0,0
14828,0,0
14829,1,1
14830,1,0
14831,0,0
14832,1,1
14833,0,0
14834,1,1
14835,1,0
14836,0,0
14837,1,1
14838,1,0
14839,1,1
14840,1,1
14841,1,1
14842,1,0
14843,1,1
14844,1,1
14845,1,1
14846,0,0
14847,1,1
14848,0,0
14849,1,1
14850,1,0
14851,1,1
14852,0,0
14853,0,0
14854,1,1
14855,0,0
14856,0,0
14857,1,1
14858,0,0
14859,1,1
14860,1,1
14861,1,1
14862,1,0
14863,1,1
14864,0,1
14865,0,0
14866,0,1
14867,1,1
14868,1,1
14869,0,1
14870,0,0
14871,1,1
14872,0,0
14873,0,1
14874,1,1
14875,0,0
14876,1,1
14877,1,1
14878,0,1
14879,0,0
14880,0,0
14881,0,0
14882,0,0
14883,1,1
14884,0,0
14885,1,1
14886,1,1
14887,1,1
14888,0,0
14889,1,1
14890,1,1
14891,0,0
14892,1,1
14893,1,1
14894,0,0
14895,1,1
14896,1,0
14897,1,1
14898,1,1
14899,1,1
14900,1,1
14901,1,1
14902,0,0
14903,0,0
14904,1,1
14905,1,1
14906,0,0
14907,1,1
14908,0,0
14909,1,1
14910,0,0
14911,0,0
14912,0,0
14913,1,1
14914,1,1
14915,1,0
14916,1,1
14917,0,0
14918,0,0
14919,0,0
14920,1,1
14921,1,1
14922,0,0
14923,0,0
14924,1,1
14925,1,1
14926,1,1
14927,1,1
14928,1,1
14929,1,0
14930,0,0
14931,1,1
14932,1,1
14933,1,0
14934,1,1
14935,0,0
14936,1,0
14937,1,1
14938,1,1
14939,0,0
14940,1,1
14941,1,1
14942,0,0
14943,1,1
14944,1,1
14945,1,1
14946,0,0
14947,0,0
14948,0,0
14949,0,0
14950,0,0
14951,0,0
14952,1,1
14953,1,1
14954,1,1
14955,0,0
14956,1,0
14957,1,1
14958,0,0
14959,0,1
14960,1,1
14961,0,0
14962,0,0
14963,0,0
14964,1,1
14965,1,1
14966,0,0
14967,0,0
14968,0,0
14969,1,1
14970,1,1
14971,0,0
14972,1,1
14973,1,1
14974,0,0
14975,1,1
14976,1,1
14977,1,1
14978,0,0
14979,1,1
14980,1,1
14981,0,0
14982,0,0
14983,0,0
14984,0,0
14985,0,1
14986,1,1
14987,1,1
14988,1,1
14989,0,0
14990,1,1
14991,1,1
14992,0,0
14993,1,1
14994,1,0
14995,1,1
14996,0,0
14997,1,1
14998,1,0
14999,1,0
15000,0,0
15001,1,1
15002,0,0
15003,0,0
15004,1,1
15005,0,0
15006,1,1
15007,1,1
15008,0,0
15009,1,1
15010,1,1
15011,1,1
15012,1,1
15013,1,0
15014,1,1
15015,0,0
15016,1,1
15017,1,1
15018,1,1
15019,1,1
15020,1,1
15021,1,1
15022,0,0
15023,1,1
15024,0,0
15025,0,0
15026,0,0
15027,0,1
15028,0,0
15029,0,0
15030,0,0
15031,0,0
15032,1,1
15033,1,1
15034,0,0
15035,0,0
15036,1,1
15037,0,0
15038,1,1
15039,0,0
15040,0,0
15041,0,0
15042,1,1
15043,0,0
15044,1,0
15045,0,1
15046,1,1
15047,1,1
15048,1,1
15049,1,1
15050,1,1
15051,1,1
15052,0,0
15053,1,1
15054,1,0
15055,0,0
15056,1,0
15057,1,1
15058,1,1
15059,0,0
15060,1,1
15061,0,0
15062,1,1
15063,1,1
15064,0,0
15065,1,0
15066,0,0
15067,0,0
15068,0,0
15069,0,0
15070,1,1
15071,1,1
15072,0,0
15073,0,0
15074,1,0
15075,1,1
15076,1,1
15077,0,0
15078,0,0
15079,0,0
15080,0,0
15081,1,0
15082,1,1
15083,0,0
15084,1,1
15085,1,1
15086,1,1
15087,0,0
15088,1,1
15089,1,1
15090,0,0
15091,0,0
15092,1,1
15093,0,0
15094,1,1
15095,0,0
15096,0,0
15097,1,1
15098,1,1
15099,1,0
15100,0,0
15101,1,1
15102,0,0
15103,0,0
15104,1,1
15105,0,0
15106,0,0
15107,1,1
15108,1,1
15109,1,1
15110,1,1
15111,1,0
15112,0,0
15113,1,1
15114,1,1
15115,0,0
15116,0,0
15117,0,0
15118,1,1
15119,1,1
15120,0,0
15121,1,0
15122,1,1
15123,1,1
15124,1,1
15125,1,1
15126,0,0
15127,0,0
15128,1,0
15129,1,1
15130,1,1
15131,1,1
15132,1,1
15133,1,1
15134,0,0
15135,1,1
15136,0,0
15137,1,0
15138,1,1
15139,1,1
15140,0,0
15141,0,0
15142,0,0
15143,1,1
15144,1,1
15145,1,0
15146,1,1
15147,0,0
15148,1,1
15149,0,0
15150,1,1
15151,0,0
15152,0,0
15153,0,0
15154,0,0
15155,1,1
15156,0,0
15157,0,0
15158,1,1
15159,0,0
15160,1,1
15161,1,1
15162,0,0
15163,1,1
15164,1,1
15165,1,1
15166,0,0
15167,1,1
15168,0,0
15169,0,0
15170,0,0
15171,1,1
15172,1,1
15173,1,1
15174,1,0
15175,0,0
15176,1,1
15177,1,1
15178,0,0
15179,0,0
15180,0,0
15181,1,1
15182,1,1
15183,1,1
15184,0,0
15185,0,1
15186,1,1
15187,1,0
15188,0,0
15189,0,0
15190,0,0
15191,0,0
15192,1,1
15193,0,0
15194,1,1
15195,0,1
15196,0,0
15197,1,1
15198,1,1
15199,0,0
15200,1,1
15201,0,0
15202,0,0
15203,1,1
15204,0,0
15205,0,0
15206,0,0
15207,1,1
15208,1,0
15209,0,0
15210,1,0
15211,1,1
15212,0,0
15213,1,1
15214,0,0
15215,0,0
15216,0,1
15217,1,1
15218,1,1
15219,1,0
15220,0,0
15221,0,0
15222,1,1
15223,1,1
15224,0,0
15225,0,0
15226,0,1
15227,0,0
15228,1,1
15229,0,0
15230,1,1
15231,1,1
15232,0,0
15233,1,1
15234,1,1
15235,0,0
15236,0,0
15237,1,1
15238,0,0
15239,0,0
15240,1,1
15241,1,0
15242,1,1
15243,1,1
15244,0,1
15245,1,1
15246,0,1
15247,1,0
15248,1,1
15249,1,1
15250,0,0
15251,0,0
15252,1,1
15253,0,0
15254,0,0
15255,0,0
15256,1,1
15257,0,0
15258,0,0
15259,0,0
15260,0,0
15261,1,1
15262,0,0
15263,0,0
15264,1,1
15265,0,0
15266,0,0
15267,1,0
15268,1,1
15269,1,1
15270,0,0
15271,1,1
15272,0,0
15273,1,1
15274,1,1
15275,0,0
15276,0,0
15277,0,0
15278,1,1
15279,1,1
15280,1,1
15281,1,1
15282,0,1
15283,1,1
15284,0,0
15285,1,1
15286,1,0
15287,1,1
15288,1,1
15289,0,0
15290,1,1
15291,1,1
15292,0,0
15293,1,1
15294,1,1
15295,1,1
15296,1,1
15297,1,1
15298,0,0
15299,0,0
15300,1,1
15301,1,1
15302,0,0
15303,0,0
15304,0,0
15305,0,0
15306,0,0
15307,1,1
15308,0,0
15309,1,1
15310,0,0
15311,1,0
15312,1,0
15313,1,1
15314,1,1
15315,1,1
15316,1,1
15317,0,0
15318,1,1
15319,0,0
15320,1,1
15321,1,1
15322,0,0
15323,1,1
15324,1,1
15325,1,1
15326,0,0
15327,1,0
15328,1,1
15329,1,1
15330,0,0
15331,0,0
15332,1,1
15333,1,1
15334,0,0
15335,1,1
15336,0,0
15337,1,1
15338,1,1
15339,0,0
15340,1,1
15341,1,1
15342,0,0
15343,0,0
15344,1,1
15345,0,0
15346,0,0
15347,0,0
15348,1,1
15349,1,1
15350,1,1
15351,0,0
15352,0,1
15353,0,0
15354,1,1
15355,1,1
15356,0,0
15357,0,0
15358,1,1
15359,1,1
15360,1,1
15361,1,1
15362,1,0
15363,0,0
15364,0,0
15365,1,1
15366,1,1
15367,1,1
15368,0,0
15369,0,0
15370,0,0
15371,1,0
15372,1,1
15373,1,1
15374,1,0
15375,0,0
15376,0,0
15377,1,1
15378,1,1
15379,1,1
15380,0,0
15381,1,0
15382,1,1
15383,0,0
15384,1,1
15385,0,0
15386,0,0
15387,1,1
15388,0,1
15389,0,0
15390,1,1
15391,0,0
15392,0,0
15393,0,0
15394,1,1
15395,1,1
15396,1,1
15397,0,0
15398,0,0
15399,0,0
15400,0,0
15401,1,1
15402,1,0
15403,0,0
15404,1,0
15405,0,0
15406,1,0
15407,0,0
15408,1,1
15409,0,0
15410,0,0
15411,0,0
15412,1,1
15413,0,0
15414,0,0
15415,1,1
15416,0,0
15417,1,1
15418,1,1
15419,0,0
15420,0,0
15421,0,0
15422,0,1
15423,0,0
15424,1,1
15425,1,1
15426,0,0
15427,1,1
15428,0,0
15429,0,0
15430,1,0
15431,0,0
15432,1,1
15433,1,1
15434,1,1
15435,1,1
15436,0,1
15437,1,1
15438,0,0
15439,1,1
15440,0,0
15441,1,1
15442,0,0
15443,0,0
15444,0,1
15445,1,1
15446,1,1
15447,1,1
15448,1,1
15449,0,0
15450,1,1
15451,1,1
15452,1,0
15453,1,1
15454,1,1
15455,1,1
15456,1,0
15457,1,1
15458,1,0
15459,0,0
15460,0,0
15461,1,0
15462,0,0
15463,0,0
15464,0,0
15465,1,0
15466,0,0
15467,0,0
15468,1,0
15469,0,0
15470,0,0
15471,1,1
15472,0,0
15473,1,1
15474,0,0
15475,1,0
15476,1,1
15477,1,1
15478,1,1
15479,0,0
15480,1,1
15481,1,1
15482,1,1
15483,1,1
15484,1,0
15485,1,1
15486,1,1
15487,1,1
15488,1,1
15489,1,1
15490,0,0
15491,1,1
15492,1,1
15493,0,0
15494,0,0
15495,1,1
15496,0,0
15497,0,0
15498,1,1
15499,0,0
15500,1,1
15501,0,0
15502,1,1
15503,1,0
15504,0,0
15505,1,1
15506,1,0
15507,1,1
15508,0,0
15509,1,0
15510,0,0
15511,1,1
15512,1,0
15513,1,1
15514,1,1
15515,0,0
15516,0,0
15517,0,0
15518,1,1
15519,0,0
15520,1,1
15521,1,1
15522,1,1
15523,1,1
15524,1,1
15525,1,1
15526,1,1
15527,1,1
15528,1,1
15529,0,0
15530,1,0
15531,0,0
15532,1,1
15533,0,0
15534,1,0
15535,1,0
15536,0,0
15537,1,1
15538,1,1
15539,1,1
15540,1,1
15541,0,0
15542,0,0
15543,1,1
15544,0,0
15545,0,1
15546,0,0
15547,0,0
15548,0,0
15549,1,1
15550,1,1
15551,1,1
15552,0,1
15553,1,1
15554,0,0
15555,0,0
15556,1,1
15557,0,0
15558,1,1
15559,0,0
15560,1,1
15561,0,0
15562,0,0
15563,1,1
15564,0,0
15565,0,0
15566,1,1
15567,0,1
15568,1,1
15569,1,0
15570,0,0
15571,1,1
15572,1,1
15573,1,0
15574,1,1
15575,1,1
15576,0,0
15577,0,0
15578,0,0
15579,0,0
15580,0,0
15581,1,1
15582,0,0
15583,0,0
15584,0,0
15585,0,0
15586,1,1
15587,1,1
15588,0,0
15589,0,1
15590,0,0
15591,0,0
15592,0,0
15593,0,0
15594,1,1
15595,1,0
15596,0,0
15597,1,1
15598,1,1
15599,1,1
15600,1,1
15601,0,0
15602,1,1
15603,0,0
15604,0,1
15605,1,1
15606,0,0
15607,1,1
15608,0,0
15609,0,0
15610,0,0
15611,1,1
15612,1,1
15613,1,0
15614,1,1
15615,0,0
15616,0,0
15617,0,0
15618,0,0
15619,1,1
15620,1,1
15621,1,1
15622,1,0
15623,1,1
15624,0,0
15625,1,1
15626,0,0
15627,1,0
15628,0,0
15629,0,0
15630,0,0
15631,0,0
15632,1,1
15633,1,1
15634,1,1
15635,1,1
15636,0,0
15637,0,0
15638,0,0
15639,1,1
15640,0,0
15641,0,0
15642,1,1
15643,1,1
15644,0,0
15645,0,0
15646,0,0
15647,1,1
15648,1,1
15649,1,1
15650,0,0
15651,1,1
15652,0,0
15653,1,0
15654,1,1
15655,0,0
15656,0,0
15657,1,1
15658,1,1
15659,0,0
15660,0,0
15661,1,1
15662,0,0
15663,0,0
15664,0,0
15665,1,1
15666,0,0
15667,0,0
15668,0,0
15669,0,0
15670,0,0
15671,0,0
15672,1,1
15673,1,1
15674,0,0
15675,1,1
15676,0,1
15677,1,1
15678,0,0
15679,1,1
15680,1,1
15681,1,1
15682,0,0
15683,0,0
15684,1,1
15685,1,1
15686,0,0
15687,0,0
15688,0,0
15689,1,1
15690,0,0
15691,0,0
15692,1,1
15693,0,0
15694,0,0
15695,0,1
15696,0,0
15697,0,0
15698,0,0
15699,1,1
15700,1,1
15701,0,0
15702,1,1
15703,0,0
15704,1,0
15705,1,1
15706,1,1
15707,1,1
15708,0,0
15709,0,0
15710,1,1
15711,0,0
15712,1,1
15713,0,0
15714,0,0
15715,1,1
15716,1,1
15717,1,1
15718,0,0
15719,1,1
15720,0,0
15721,0,0
15722,0,0
15723,1,1
15724,1,1
15725,1,1
15726,1,0
15727,1,1
15728,0,0
15729,1,1
15730,1,0
15731,0,0
15732,1,1
15733,0,1
15734,1,1
15735,0,0
15736,0,0
15737,1,1
15738,0,0
15739,1,1
15740,1,1
15741,1,1
15742,0,0
15743,1,1
15744,1,1
15745,0,0
15746,0,0
15747,0,0
15748,1,1
15749,0,0
15750,0,0
15751,1,1
15752,1,1
15753,0,0
15754,1,1
15755,0,0
15756,1,0
15757,1,1
15758,0,0
15759,1,1
15760,0,0
15761,1,1
15762,0,0
15763,0,0
15764,1,1
15765,1,1
15766,0,0
15767,0,0
15768,1,1
15769,1,1
15770,0,0
15771,1,1
15772,1,1
15773,0,0
15774,0,0
15775,0,0
15776,1,1
15777,1,0
15778,1,1
15779,1,1
15780,1,1
15781,0,0
15782,1,0
15783,1,1
15784,1,1
15785,1,1
15786,1,0
15787,1,1
15788,0,0
15789,1,1
15790,1,1
15791,0,0
15792,1,1
15793,1,1
15794,1,1
15795,0,0
15796,1,1
15797,0,0
15798,0,0
15799,1,1
15800,0,0
15801,1,1
15802,1,0
15803,1,1
15804,0,0
15805,1,1
15806,0,0
15807,1,1
15808,0,0
15809,0,0
15810,1,1
15811,1,1
15812,0,0
15813,0,0
15814,0,0
15815,1,0
15816,1,1
15817,1,0
15818,0,0
15819,1,1
15820,1,1
15821,0,0
15822,1,1
15823,0,0
15824,1,1
15825,0,1
15826,0,1
15827,1,1
15828,1,1
15829,1,1
15830,1,1
15831,0,0
15832,1,1
15833,1,1
15834,0,0
15835,1,1
15836,1,1
15837,0,0
15838,0,0
15839,0,1
15840,1,1
15841,0,0
15842,0,0
15843,0,0
15844,1,0
15845,0,0
15846,1,1
15847,0,0
15848,1,1
15849,1,1
15850,1,1
15851,1,1
15852,0,0
15853,1,1
15854,1,1
15855,0,0
15856,1,0
15857,0,0
15858,1,1
15859,1,1
15860,1,1
15861,1,1
15862,0,0
15863,0,0
15864,0,0
15865,1,1
15866,0,0
15867,1,1
15868,0,0
15869,1,1
15870,1,1
15871,1,1
15872,1,1
15873,0,0
15874,0,0
15875,1,0
15876,1,1
15877,1,1
15878,1,1
15879,1,1
15880,0,0
15881,0,0
15882,1,1
15883,1,1
15884,1,1
15885,1,1
15886,1,1
15887,0,0
15888,1,1
15889,0,0
15890,0,0
15891,1,1
15892,1,1
15893,1,1
15894,0,0
15895,0,0
15896,0,0
15897,1,1
15898,1,1
15899,1,1
15900,0,0
15901,1,0
15902,1,1
15903,1,1
15904,0,0
15905,0,0
15906,1,1
15907,0,0
15908,0,0
15909,0,0
15910,0,0
15911,1,0
15912,0,0
15913,1,1
15914,1,0
15915,1,1
15916,1,1
15917,1,1
15918,0,0
15919,1,0
15920,1,1
15921,0,1
15922,0,0
15923,0,0
15924,1,1
15925,1,1
15926,1,1
15927,1,1
15928,1,0
15929,1,1
15930,0,0
15931,0,1
15932,0,0
15933,1,1
15934,1,1
15935,0,0
15936,0,0
15937,0,1
15938,1,1
15939,0,0
15940,1,1
15941,0,0
15942,1,1
15943,1,1
15944,1,1
15945,1,1
15946,1,1
15947,0,0
15948,1,1
15949,1,1
15950,0,0
15951,1,1
15952,0,0
15953,1,1
15954,1,1
15955,1,1
15956,0,0
15957,1,1
15958,0,0
15959,0,0
15960,0,0
15961,0,0
15962,0,0
15963,0,0
15964,1,0
15965,1,1
15966,0,1
15967,0,0
15968,1,1
15969,0,0
15970,0,0
15971,1,1
15972,1,1
15973,1,1
15974,1,1
15975,1,1
15976,0,0
15977,1,1
15978,0,0
15979,0,0
15980,1,1
15981,1,1
15982,1,0
15983,1,1
15984,0,0
15985,1,1
15986,0,0
15987,1,1
15988,1,0
15989,0,1
15990,1,1
15991,0,0
15992,1,1
15993,0,0
15994,0,0
15995,0,0
15996,1,1
15997,1,1
15998,1,1
15999,0,1
16000,1,1
16001,0,0
16002,0,0
16003,0,0
16004,0,0
16005,1,1
16006,1,1
16007,0,1
16008,1,1
16009,0,0
16010,1,1
16011,1,1
16012,1,1
16013,0,0
16014,1,1
16015,1,1
16016,0,0
16017,0,0
16018,1,1
16019,1,1
16020,1,1
16021,1,1
16022,1,1
16023,0,0
16024,0,0
16025,1,1
16026,1,1
16027,1,1
16028,1,1
16029,1,1
16030,0,0
16031,0,0
16032,1,1
16033,0,0
16034,1,1
16035,0,0
16036,0,0
16037,0,0
16038,0,0
16039,1,0
16040,1,1
16041,0,0
16042,0,0
16043,0,0
16044,1,1
16045,1,1
16046,0,0
16047,0,0
16048,1,0
16049,1,0
16050,1,1
16051,1,1
16052,1,1
16053,1,1
16054,0,0
16055,1,1
16056,0,0
16057,0,0
16058,0,0
16059,0,0
16060,1,1
16061,1,1
16062,1,1
16063,1,0
16064,1,1
16065,0,0
16066,1,1
16067,0,1
16068,1,1
16069,1,0
16070,1,1
16071,0,0
16072,1,0
16073,0,0
16074,1,1
16075,1,1
16076,0,0
16077,1,1
16078,1,1
16079,1,0
16080,0,0
16081,0,0
16082,0,0
16083,1,1
16084,0,0
16085,1,1
16086,0,0
16087,1,1
16088,0,0
16089,1,1
16090,1,1
16091,0,0
16092,0,0
16093,1,1
16094,1,1
16095,1,1
16096,1,0
16097,1,1
16098,0,0
16099,0,0
16100,0,0
16101,0,0
16102,1,1
16103,0,0
16104,0,0
16105,1,1
16106,1,0
16107,1,1
16108,1,1
16109,0,0
16110,1,1
16111,1,1
16112,0,0
16113,1,1
16114,0,0
16115,1,1
16116,0,0
16117,1,1
16118,0,0
16119,1,1
16120,1,1
16121,0,0
16122,1,1
16123,0,0
16124,0,0
16125,1,1
16126,1,0
16127,0,0
16128,0,0
16129,0,0
16130,1,1
16131,0,0
16132,1,1
16133,0,0
16134,0,0
16135,0,0
16136,0,0
16137,1,1
16138,0,0
16139,1,1
16140,1,0
16141,0,0
16142,0,0
16143,1,1
16144,1,1
16145,1,1
16146,0,0
16147,0,0
16148,1,1
16149,0,1
16150,1,1
16151,0,0
16152,1,1
16153,1,1
16154,0,0
16155,0,0
16156,1,1
16157,1,1
16158,1,1
16159,0,0
16160,0,0
16161,1,0
16162,1,1
16163,0,0
16164,1,1
16165,1,1
16166,0,0
16167,0,0
16168,0,0
16169,0,0
16170,0,0
16171,1,1
16172,1,1
16173,0,0
16174,0,0
16175,0,1
16176,1,1
16177,0,0
16178,0,0
16179,0,0
16180,0,0
16181,0,0
16182,0,0
16183,1,1
16184,0,0
16185,1,0
16186,0,0
16187,1,0
16188,1,1
16189,0,0
16190,1,1
16191,0,0
16192,1,1
16193,1,1
16194,0,0
16195,0,0
16196,1,1
16197,1,1
16198,0,0
16199,0,0
16200,1,1
16201,0,0
16202,0,0
16203,1,1
16204,1,0
16205,0,0
16206,0,1
16207,0,0
16208,1,1
16209,0,0
16210,1,1
16211,1,1
16212,1,0
16213,0,0
16214,0,0
16215,0,0
16216,1,1
16217,1,1
16218,1,1
16219,0,0
16220,1,1
16221,1,1
16222,1,1
16223,0,0
16224,0,0
16225,1,1
16226,0,0
16227,0,0
16228,0,0
16229,1,1
16230,0,0
16231,0,1
16232,1,1
16233,1,1
16234,1,1
16235,1,1
16236,1,0
16237,1,1
16238,1,1
16239,0,0
16240,1,1
16241,0,1
16242,0,1
16243,0,0
16244,0,0
16245,1,1
16246,0,0
16247,1,1
16248,1,1
16249,1,1
16250,1,1
16251,0,0
16252,0,0
16253,1,1
16254,0,0
16255,1,0
16256,0,0
16257,1,1
16258,1,1
16259,0,0
16260,0,0
16261,1,1
16262,0,0
16263,0,0
16264,1,1
16265,1,1
16266,1,1
16267,1,1
16268,0,0
16269,0,0
16270,0,0
16271,1,0
16272,1,1
16273,1,0
16274,0,0
16275,1,0
16276,1,1
16277,0,1
16278,1,1
16279,1,1
16280,0,0
16281,0,0
16282,1,1
16283,1,1
16284,1,1
16285,1,1
16286,1,1
16287,1,1
16288,1,1
16289,1,1
16290,1,1
16291,0,0
16292,1,1
16293,0,0
16294,1,1
16295,1,0
16296,0,0
16297,0,0
16298,0,0
16299,1,1
16300,1,1
16301,1,1
16302,1,1
16303,1,1
16304,0,0
16305,0,0
16306,1,1
16307,0,0
16308,1,0
16309,0,0
16310,1,1
16311,0,1
16312,1,1
16313,0,0
16314,1,1
16315,0,0
16316,1,1
16317,1,1
16318,0,0
16319,0,0
16320,0,1
16321,1,0
16322,1,1
16323,1,0
16324,1,1
16325,0,1
16326,1,1
16327,1,1
16328,1,0
16329,1,1
16330,1,1
16331,0,0
16332,0,0
16333,0,0
16334,1,0
16335,0,0
16336,0,0
16337,1,1
16338,0,0
16339,1,1
16340,0,0
16341,0,0
16342,0,0
16343,0,0
16344,1,1
16345,0,0
16346,0,0
16347,1,1
16348,0,0
16349,1,1
16350,1,1
16351,0,0
16352,1,1
16353,1,0
16354,0,0
16355,1,1
16356,0,0
16357,0,0
16358,1,1
16359,1,1
16360,1,1
16361,0,0
16362,0,0
16363,0,0
16364,0,0
16365,1,1
16366,1,1
16367,0,0
16368,1,1
16369,1,1
16370,0,0
16371,1,1
16372,1,1
16373,1,1
16374,0,0
16375,1,1
16376,1,1
16377,0,0
16378,0,0
16379,1,1
16380,0,0
16381,0,0
16382,0,0
16383,0,0
16384,1,1
16385,1,1
16386,1,1
16387,1,1
16388,1,1
16389,0,0
16390,0,0
16391,0,0
16392,1,1
16393,0,0
16394,1,1
16395,0,0
16396,0,0
16397,1,1
16398,1,1
16399,1,0
16400,1,1
16401,0,0
16402,0,0
16403,1,1
16404,1,1
16405,1,1
16406,1,1
16407,1,1
16408,1,1
16409,0,0
16410,0,1
16411,0,0
16412,0,0
16413,1,1
16414,0,0
16415,1,1
16416,0,1
16417,1,1
16418,0,1
16419,1,1
16420,1,1
16421,0,0
16422,1,1
16423,0,0
16424,1,1
16425,0,0
16426,0,0
16427,0,0
16428,0,0
16429,0,0
16430,1,1
16431,0,0
16432,0,0
16433,1,1
16434,1,1
16435,1,1
16436,0,0
16437,1,1
16438,0,0
16439,1,1
16440,0,0
16441,1,1
16442,1,0
16443,0,0
16444,1,1
16445,0,0
16446,0,0
16447,0,0
16448,1,1
16449,1,1
16450,0,0
16451,1,1
16452,0,0
16453,1,1
16454,0,1
16455,1,1
16456,0,0
16457,1,0
16458,1,1
16459,1,1
16460,0,0
16461,1,1
16462,1,0
16463,1,1
16464,0,0
16465,0,0
16466,0,0
16467,1,1
16468,1,0
16469,1,1
16470,1,1
16471,1,1
16472,1,1
16473,1,1
16474,1,0
16475,0,0
16476,1,0
16477,1,1
16478,1,1
16479,0,0
16480,0,0
16481,1,1
16482,1,1
16483,1,1
16484,1,1
16485,0,0
16486,0,0
16487,1,1
16488,1,0
16489,1,0
16490,0,0
16491,0,0
16492,0,0
16493,1,1
16494,0,0
16495,1,0
16496,0,0
16497,1,0
16498,1,1
16499,0,0
16500,0,0
16501,1,1
16502,0,0
16503,0,0
16504,1,1
16505,0,0
16506,0,0
16507,1,1
16508,0,1
16509,0,0
16510,0,0
16511,0,0
16512,1,1
16513,0,1
16514,1,1
16515,1,0
16516,1,1
16517,0,0
16518,0,0
16519,1,1
16520,1,1
16521,1,1
16522,0,0
16523,1,1
16524,0,0
16525,1,1
16526,1,1
16527,0,0
16528,0,0
16529,0,0
16530,1,1
16531,0,0
16532,0,0
16533,1,1
16534,0,0
16535,0,0
16536,1,1
16537,1,0
16538,1,1
16539,0,0
16540,0,0
16541,0,0
16542,0,0
16543,0,0
16544,0,1
16545,0,0
16546,1,1
16547,1,1
16548,1,1
16549,1,1
16550,1,1
16551,1,1
16552,1,1
16553,0,0
16554,0,0
16555,1,1
16556,1,1
16557,0,0
16558,1,1
16559,1,1
16560,0,1
16561,0,0
16562,0,0
16563,1,1
16564,0,0
16565,1,1
16566,1,1
16567,0,0
16568,1,1
16569,0,0
16570,0,0
16571,1,1
16572,1,0
16573,0,0
16574,1,1
16575,1,0
16576,1,0
16577,1,1
16578,0,0
16579,0,0
16580,1,0
16581,1,0
16582,1,1
16583,1,1
16584,0,0
16585,0,0
16586,0,0
16587,1,1
16588,0,1
16589,1,1
16590,1,1
16591,1,1
16592,0,0
16593,1,1
16594,0,0
16595,1,1
16596,0,0
16597,1,1
16598,1,1
16599,0,0
16600,1,1
16601,1,1
16602,0,0
16603,0,0
16604,1,1
16605,1,1
16606,0,0
16607,1,0
16608,1,1
16609,1,0
16610,0,0
16611,0,0
16612,0,0
16613,0,0
16614,0,0
16615,0,0
16616,1,1
16617,1,1
16618,1,1
16619,1,1
16620,0,0
16621,0,1
16622,1,1
16623,0,0
16624,1,1
16625,1,1
16626,0,0
16627,0,0
16628,1,1
16629,1,1
16630,0,0
16631,1,1
16632,0,0
16633,0,0
16634,0,0
16635,0,0
16636,1,1
16637,1,1
16638,1,0
16639,1,1
16640,1,1
16641,0,0
16642,0,0
16643,1,1
16644,0,0
16645,0,0
16646,0,0
16647,0,0
16648,1,1
16649,1,1
16650,1,1
16651,0,0
16652,1,1
16653,1,1
16654,1,1
16655,1,1
16656,0,0
16657,1,1
16658,1,1
16659,1,1
16660,0,0
16661,0,0
16662,0,0
16663,0,0
16664,1,0
16665,0,0
16666,0,0
16667,1,0
16668,1,1
16669,1,1
16670,1,1
16671,1,1
16672,0,0
16673,0,0
16674,1,1
16675,0,0
16676,1,1
16677,0,0
16678,0,0
16679,0,0
16680,1,1
16681,0,0
16682,1,1
16683,1,0
16684,0,0
16685,0,0
16686,1,1
16687,0,0
16688,1,1
16689,0,0
16690,1,1
16691,1,1
16692,1,0
16693,0,0
16694,1,0
16695,1,0
16696,1,1
16697,1,1
16698,1,1
16699,1,1
16700,0,0
16701,1,1
16702,0,0
16703,0,0
16704,1,1
16705,1,1
16706,1,1
16707,0,0
16708,1,1
16709,1,1
16710,1,1
16711,1,1
16712,0,0
16713,1,1
16714,0,0
16715,0,0
16716,0,0
16717,1,1
16718,0,0
16719,1,1
16720,0,0
16721,1,1
16722,0,0
16723,1,0
16724,1,1
16725,0,0
16726,1,1
16727,1,0
16728,1,1
16729,1,1
16730,0,0
16731,1,1
16732,1,1
16733,1,1
16734,0,0
16735,0,0
16736,0,0
16737,0,0
16738,0,0
16739,0,0
16740,1,1
16741,1,1
16742,1,1
16743,1,1
16744,1,1
16745,0,1
16746,1,1
16747,0,0
16748,0,0
16749,0,0
16750,1,1
16751,0,0
16752,0,0
16753,1,1
16754,1,1
16755,0,1
16756,0,0
16757,0,0
16758,0,0
16759,0,0
16760,1,1
16761,0,0
16762,0,1
16763,0,0
16764,1,1
16765,0,1
16766,0,0
16767,1,1
16768,0,0
16769,1,1
16770,0,0
16771,1,1
16772,1,1
16773,1,1
16774,0,0
16775,0,0
16776,1,1
16777,1,1
16778,0,0
16779,1,1
16780,0,1
16781,1,1
16782,0,0
16783,1,1
16784,0,1
16785,1,0
16786,0,0
16787,0,0
16788,0,0
16789,1,1
16790,0,0
16791,1,1
16792,1,1
16793,1,1
16794,1,1
16795,0,0
16796,1,1
16797,1,1
16798,1,1
16799,0,0
16800,0,0
16801,0,0
16802,0,1
16803,1,1
16804,1,1
16805,1,1
16806,0,0
16807,0,0
16808,1,1
16809,1,1
16810,0,0
16811,0,0
16812,1,1
16813,0,0
16814,0,0
16815,1,0
16816,0,0
16817,1,1
16818,0,0
16819,1,1
16820,0,0
16821,0,0
16822,0,0
16823,0,0
16824,1,1
16825,0,0
16826,0,0
16827,1,0
16828,0,0
16829,1,1
16830,1,1
16831,0,1
16832,0,0
16833,1,1
16834,1,0
16835,1,0
16836,0,0
16837,1,1
16838,0,0
16839,0,0
16840,0,0
16841,0,0
16842,0,1
16843,0,0
16844,1,1
16845,0,0
16846,1,0
16847,1,0
16848,1,1
16849,1,1
16850,1,1
16851,1,1
16852,0,0
16853,1,0
16854,1,1
16855,1,1
16856,1,1
16857,0,0
16858,0,0
16859,1,1
16860,1,1
16861,0,0
16862,0,0
16863,1,1
16864,1,1
16865,0,0
16866,0,0
16867,1,1
16868,0,0
16869,0,0
16870,1,1
16871,1,1
16872,1,0
16873,1,1
16874,0,0
16875,0,0
16876,1,1
16877,1,1
16878,1,1
16879,0,0
16880,1,1
16881,0,0
16882,1,1
16883,0,0
16884,0,0
16885,1,0
16886,1,0
16887,1,0
16888,0,0
16889,0,0
16890,0,0
16891,1,1
16892,0,0
16893,1,1
16894,0,1
16895,0,0
16896,0,0
16897,0,0
16898,1,1
16899,0,0
16900,0,0
16901,1,0
16902,1,1
16903,1,1
16904,0,0
16905,0,0
16906,1,1
16907,1,1
16908,1,0
16909,0,0
16910,0,0
16911,0,1
16912,1,1
16913,1,0
16914,1,1
16915,0,0
16916,0,0
16917,1,1
16918,0,0
16919,1,1
16920,1,1
16921,1,1
16922,0,0
16923,1,1
16924,1,1
16925,1,1
16926,1,1
16927,1,1
16928,0,0
16929,1,1
16930,1,1
16931,0,0
16932,1,1
16933,1,0
16934,0,0
16935,1,1
16936,1,0
16937,0,0
16938,1,1
16939,0,0
16940,0,0
16941,1,1
16942,0,0
16943,1,1
16944,1,1
16945,0,0
16946,1,0
16947,0,0
16948,0,0
16949,0,0
16950,0,0
16951,0,0
16952,0,0
16953,1,1
16954,1,1
16955,0,0
16956,1,1
16957,0,0
16958,0,0
16959,1,1
16960,0,0
16961,0,0
16962,1,1
16963,1,1
16964,1,1
16965,1,1
16966,1,1
16967,0,0
16968,0,0
16969,0,0
16970,0,0
16971,1,0
16972,1,1
16973,0,0
16974,1,1
16975,1,1
16976,1,1
16977,1,1
16978,0,0
16979,1,1
16980,0,0
16981,1,1
16982,1,1
16983,1,1
16984,1,1
16985,0,0
16986,0,0
16987,1,1
16988,0,0
16989,0,0
16990,1,1
16991,1,1
16992,1,1
16993,1,1
16994,0,0
16995,1,0
16996,1,1
16997,0,0
16998,0,0
16999,1,1
17000,0,0
17001,1,1
17002,1,1
17003,0,0
17004,1,1
17005,0,0
17006,1,1
17007,1,1
17008,1,1
17009,0,0
17010,0,0
17011,1,1
17012,0,0
17013,1,1
17014,1,1
17015,1,1
17016,1,1
17017,0,0
17018,1,1
17019,1,1
17020,0,0
17021,1,1
17022,1,1
17023,1,1
17024,0,0
17025,0,0
17026,1,1
17027,0,0
17028,0,1
17029,0,1
17030,1,1
17031,1,0
17032,0,0
17033,1,1
17034,1,1
17035,0,0
17036,0,1
17037,0,0
17038,1,1
17039,1,1
17040,0,0
17041,0,0
17042,1,1
17043,1,1
17044,0,0
17045,1,0
17046,1,1
17047,0,0
17048,1,1
17049,1,1
17050,0,0
17051,1,1
17052,0,0
17053,1,1
17054,1,1
17055,1,1
17056,1,1
17057,1,1
17058,1,0
17059,0,0
17060,1,1
17061,0,0
17062,1,1
17063,0,0
17064,0,0
17065,1,1
17066,1,0
17067,1,1
17068,1,1
17069,1,1
17070,1,1
17071,0,0
17072,1,1
17073,1,1
17074,1,1
17075,1,1
17076,1,1
17077,1,0
17078,1,1
17079,1,0
17080,1,1
17081,0,0
17082,1,1
17083,0,0
17084,1,0
17085,0,0
17086,0,0
17087,1,1
17088,0,0
17089,0,0
17090,0,0
17091,1,1
17092,1,0
17093,1,1
17094,0,0
17095,0,0
17096,0,0
17097,1,1
17098,1,0
17099,1,1
17100,1,1
17101,1,1
17102,1,1
17103,1,1
17104,1,1
17105,0,0
17106,1,1
17107,0,0
17108,0,1
17109,0,0
17110,0,0
17111,0,0
17112,1,1
17113,1,1
17114,1,1
17115,1,1
17116,1,1
17117,1,1
17118,1,0
17119,1,1
17120,1,1
17121,1,1
17122,0,0
17123,0,0
17124,0,0
17125,1,1
17126,1,1
17127,0,0
17128,0,0
17129,1,1
17130,0,0
17131,1,1
17132,0,0
17133,1,1
17134,0,0
17135,1,1
17136,1,0
17137,0,0
17138,0,0
17139,0,0
17140,0,0
17141,0,0
17142,0,0
17143,1,1
17144,0,0
17145,0,0
17146,1,0
17147,1,0
17148,1,1
17149,0,0
17150,1,1
17151,1,1
17152,0,0
17153,1,0
17154,1,1
17155,0,0
17156,1,1
17157,0,0
17158,1,1
17159,0,0
17160,1,1
17161,1,1
17162,1,1
17163,0,0
17164,1,1
17165,0,0
17166,0,0
17167,0,0
17168,1,1
17169,1,0
17170,1,1
17171,0,0
17172,0,1
17173,1,0
17174,1,0
17175,1,1
17176,0,0
17177,1,0
17178,0,0
17179,1,0
17180,1,1
17181,0,1
17182,1,1
17183,1,0
17184,1,1
17185,1,1
17186,1,1
17187,1,0
17188,0,0
17189,0,0
17190,1,1
17191,1,1
17192,0,1
17193,0,0
17194,1,1
17195,0,0
17196,1,1
17197,1,0
17198,0,0
17199,1,1
17200,1,0
17201,1,1
17202,1,1
17203,1,1
17204,0,0
17205,1,1
17206,0,0
17207,1,1
17208,0,0
17209,1,1
17210,0,0
17211,1,1
17212,1,1
17213,1,1
17214,1,1
17215,1,1
17216,1,1
17217,0,0
17218,1,1
17219,1,1
17220,1,1
17221,0,0
17222,0,0
17223,0,0
17224,1,1
17225,1,0
17226,0,0
17227,0,0
17228,0,0
17229,1,0
17230,0,0
17231,0,0
17232,1,1
17233,1,1
17234,1,1
17235,0,0
17236,1,1
17237,0,0
17238,0,0
17239,1,1
17240,1,1
17241,1,1
17242,1,1
17243,1,1
17244,0,0
17245,1,0
17246,1,1
17247,1,1
17248,1,1
17249,0,0
17250,1,1
17251,0,0
17252,1,1
17253,0,0
17254,0,0
17255,1,0
17256,1,1
17257,1,1
17258,0,0
17259,1,1
17260,0,0
17261,1,1
17262,1,1
17263,1,1
17264,0,0
17265,0,0
17266,1,1
17267,1,1
17268,1,1
17269,1,1
17270,1,1
17271,1,1
17272,1,1
17273,0,0
17274,0,0
17275,1,1
17276,0,0
17277,1,1
17278,0,0
17279,1,1
17280,1,1
17281,0,1
17282,0,0
17283,0,0
17284,1,1
17285,0,0
17286,0,0
17287,0,0
17288,0,0
17289,1,1
17290,1,1
17291,0,0
17292,1,1
17293,0,0
17294,1,1
17295,0,0
17296,0,0
17297,1,1
17298,1,0
17299,1,1
17300,0,0
17301,1,1
17302,1,0
17303,1,1
17304,1,1
17305,0,0
17306,0,0
17307,0,1
17308,0,0
17309,1,0
17310,1,1
17311,0,0
17312,1,1
17313,1,1
17314,0,0
17315,1,0
17316,0,0
17317,1,0
17318,0,0
17319,1,1
17320,1,0
17321,0,0
17322,1,1
17323,1,1
17324,1,0
17325,0,0
17326,0,0
17327,0,0
17328,1,1
17329,1,0
17330,0,0
17331,1,1
17332,0,0
17333,0,0
17334,1,1
17335,0,0
17336,1,1
17337,0,1
17338,0,1
17339,1,1
17340,1,1
17341,1,1
17342,1,1
17343,0,0
17344,0,0
17345,1,0
17346,0,0
17347,1,1
17348,1,1
17349,1,1
17350,0,0
17351,1,1
17352,1,1
17353,1,1
17354,0,0
17355,1,1
17356,0,0
17357,1,1
17358,1,1
17359,1,1
17360,1,1
17361,0,0
17362,0,0
17363,1,1
17364,0,0
17365,1,1
17366,1,1
17367,0,0
17368,1,1
17369,1,1
17370,1,1
17371,0,0
17372,0,0
17373,1,1
17374,0,0
17375,1,1
17376,0,0
17377,0,0
17378,0,0
17379,0,0
17380,1,1
17381,1,1
17382,1,1
17383,0,0
17384,0,0
17385,1,1
17386,1,1
17387,0,0
17388,1,1
17389,1,1
17390,0,0
17391,1,1
17392,0,0
17393,1,1
17394,0,0
17395,0,0
17396,1,1
17397,0,0
17398,1,0
17399,1,1
17400,0,0
17401,0,0
17402,1,1
17403,1,1
17404,0,1
17405,1,1
17406,0,0
17407,1,1
17408,1,1
17409,0,0
17410,1,1
17411,1,0
17412,1,1
17413,1,1
17414,0,0
17415,1,1
17416,0,0
17417,0,0
17418,1,1
17419,0,0
17420,1,1
17421,0,0
17422,1,0
17423,1,1
17424,0,0
17425,0,0
17426,0,0
17427,0,0
17428,0,0
17429,0,0
17430,1,1
17431,1,0
17432,0,0
17433,1,1
17434,1,1
17435,0,0
17436,1,1
17437,1,1
17438,0,0
17439,0,0
17440,0,0
17441,1,1
17442,1,1
17443,0,0
17444,1,0
17445,1,1
17446,1,1
17447,1,0
17448,0,0
17449,0,0
17450,1,0
17451,1,1
17452,0,0
17453,0,0
17454,0,0
17455,1,1
17456,1,1
17457,1,1
17458,1,1
17459,1,1
17460,0,0
17461,1,1
17462,0,0
17463,0,0
17464,0,0
17465,1,1
17466,0,0
17467,1,1
17468,1,0
17469,0,1
17470,1,0
17471,1,1
17472,0,0
17473,1,0
17474,0,0
17475,1,1
17476,1,1
17477,0,0
17478,0,0
17479,1,1
17480,1,1
17481,0,0
17482,0,0
17483,0,0
17484,1,1
17485,1,1
17486,0,0
17487,0,0
17488,1,1
17489,0,0
17490,0,0
17491,1,1
17492,1,1
17493,1,1
17494,0,1
17495,1,1
17496,0,0
17497,1,1
17498,1,1
17499,0,0
17500,0,0
17501,1,1
17502,0,0
17503,0,0
17504,1,1
17505,1,1
17506,1,1
17507,0,0
17508,0,0
17509,1,1
17510,0,0
17511,0,0
17512,0,0
17513,0,0
17514,1,1
17515,1,1
17516,0,0
17517,1,1
17518,1,1
17519,1,1
17520,0,0
17521,1,1
17522,0,0
17523,1,1
17524,1,1
17525,0,0
17526,0,0
17527,1,1
17528,0,0
17529,1,1
17530,0,0
17531,1,1
17532,0,0
17533,0,0
17534,1,1
17535,0,0
17536,0,0
17537,1,1
17538,1,1
17539,1,1
17540,0,0
17541,1,1
17542,0,0
17543,0,0
17544,0,0
17545,0,0
17546,1,1
17547,1,1
17548,1,1
17549,0,0
17550,0,0
17551,0,0
17552,0,0
17553,0,0
17554,0,0
17555,1,1
17556,1,1
17557,1,0
17558,1,1
17559,1,1
17560,0,0
17561,0,0
17562,0,0
17563,1,1
17564,1,1
17565,1,1
17566,0,0
17567,1,1
17568,1,1
17569,1,1
17570,1,1
17571,0,0
17572,0,0
17573,1,1
17574,1,1
17575,0,0
17576,0,0
17577,0,0
17578,1,1
17579,0,0
17580,1,0
17581,1,1
17582,0,0
17583,0,0
17584,0,0
17585,0,0
17586,1,0
17587,0,0
17588,1,1
17589,1,1
17590,1,1
17591,0,1
17592,0,0
17593,1,1
17594,1,1
17595,1,0
17596,0,0
17597,0,0
17598,0,0
17599,1,1
17600,0,0
17601,0,0
17602,0,0
17603,1,1
17604,1,1
17605,0,0
17606,0,1
17607,0,0
17608,0,0
17609,1,0
17610,1,1
17611,0,1
17612,1,1
17613,0,0
17614,1,1
17615,0,0
17616,0,0
17617,0,0
17618,0,0
17619,1,1
17620,0,0
17621,1,1
17622,1,1
17623,1,1
17624,1,1
17625,1,1
17626,0,0
17627,1,1
17628,0,0
17629,1,1
17630,1,1
17631,0,0
17632,1,1
17633,1,1
17634,1,1
17635,0,0
17636,1,1
17637,0,0
17638,0,0
17639,0,0
17640,0,0
17641,0,0
17642,1,1
17643,1,1
17644,1,1
17645,0,0
17646,0,0
17647,1,1
17648,1,1
17649,1,1
17650,1,1
17651,1,1
17652,1,1
17653,1,1
17654,0,1
17655,0,0
17656,1,1
17657,0,0
17658,0,0
17659,0,0
17660,1,1
17661,1,1
17662,0,0
17663,1,1
17664,1,0
17665,0,0
17666,1,1
17667,1,1
17668,0,0
17669,1,1
17670,0,0
17671,0,1
17672,0,0
17673,0,0
17674,1,1
17675,0,0
17676,1,1
17677,1,1
17678,0,0
17679,0,0
17680,0,0
17681,0,1
17682,0,0
17683,0,0
17684,1,1
17685,0,1
17686,0,0
17687,1,1
17688,0,0
17689,1,1
17690,0,0
17691,1,1
17692,1,1
17693,0,1
17694,1,0
17695,1,1
17696,1,1
17697,0,0
17698,1,1
17699,1,1
17700,1,1
17701,0,0
17702,1,0
17703,1,0
17704,0,0
17705,1,1
17706,0,0
17707,1,1
17708,1,1
17709,0,0
17710,0,0
17711,1,1
17712,1,1
17713,1,0
17714,1,1
17715,1,1
17716,0,0
17717,0,0
17718,0,0
17719,1,1
17720,1,0
17721,0,0
17722,1,1
17723,1,1
17724,1,0
17725,1,1
17726,1,1
17727,0,0
17728,0,0
17729,1,1
17730,1,1
17731,0,0
17732,1,1
17733,0,0
17734,1,1
17735,0,0
17736,1,0
17737,1,1
17738,1,1
17739,1,1
17740,1,1
17741,0,0
17742,0,0
17743,1,1
17744,0,0
17745,1,1
17746,0,0
17747,0,0
17748,1,1
17749,0,0
17750,0,0
17751,1,1
17752,0,0
17753,1,0
17754,0,0
17755,0,0
17756,0,0
17757,1,1
17758,1,1
17759,1,1
17760,1,1
17761,1,0
17762,0,0
17763,0,1
17764,0,0
17765,0,0
17766,1,1
17767,1,1
17768,1,1
17769,0,0
17770,0,0
17771,1,1
17772,1,1
17773,0,1
17774,1,1
17775,0,0
17776,1,1
17777,1,1
17778,1,1
17779,1,1
17780,1,1
17781,0,0
17782,1,1
17783,0,0
17784,1,1
17785,1,1
17786,0,0
17787,0,0
17788,1,1
17789,0,0
17790,0,0
17791,1,0
17792,1,1
17793,0,0
17794,0,0
17795,1,1
17796,1,0
17797,0,0
17798,1,0
17799,0,0
17800,0,0
17801,0,0
17802,1,1
17803,0,0
17804,1,1
17805,0,0
17806,0,0
17807,1,1
17808,1,1
17809,1,1
17810,0,0
17811,1,1
17812,1,1
17813,1,0
17814,0,1
17815,1,1
17816,1,1
17817,0,0
17818,0,0
17819,1,1
17820,0,0
17821,0,0
17822,1,1
17823,1,1
17824,1,1
17825,1,1
17826,0,0
17827,0,0
17828,0,0
17829,0,0
17830,0,0
17831,0,0
17832,0,0
17833,1,1
17834,0,1
17835,1,1
17836,0,0
17837,0,0
17838,0,0
17839,0,0
17840,1,1
17841,1,1
17842,1,1
17843,0,0
17844,1,1
17845,1,1
17846,1,1
17847,1,1
17848,0,0
17849,1,1
17850,1,1
17851,1,1
17852,1,1
17853,1,1
17854,1,1
17855,1,1
17856,1,1
17857,1,1
17858,1,1
17859,0,0
17860,1,1
17861,0,0
17862,0,0
17863,1,1
17864,0,0
17865,1,1
17866,1,1
17867,1,0
17868,0,0
17869,0,0
17870,0,0
17871,0,0
17872,1,0
17873,0,0
17874,1,1
17875,1,0
17876,0,0
17877,0,0
17878,1,1
17879,1,1
17880,0,0
17881,0,0
17882,0,1
17883,1,1
17884,1,1
17885,1,1
17886,1,1
17887,1,0
17888,1,1
17889,1,1
17890,1,1
17891,1,1
17892,0,0
17893,0,0
17894,1,0
17895,0,0
17896,1,1
17897,0,0
17898,0,0
17899,0,0
17900,0,0
17901,0,0
17902,1,1
17903,1,1
17904,1,1
17905,1,0
17906,0,0
17907,1,1
17908,0,1
17909,1,0
17910,0,0
17911,0,0
17912,1,1
17913,1,1
17914,0,0
17915,1,1
17916,0,0
17917,0,0
17918,0,0
17919,0,0
17920,1,1
17921,1,1
17922,1,0
17923,1,1
17924,1,1
17925,1,1
17926,1,1
17927,0,0
17928,0,0
17929,1,1
17930,1,0
17931,1,1
17932,1,1
17933,0,0
17934,1,1
17935,1,1
17936,1,1
17937,0,0
17938,0,0
17939,1,1
17940,0,0
17941,0,0
17942,1,1
17943,1,1
17944,1,1
17945,1,1
17946,0,0
17947,1,1
17948,1,0
17949,1,1
17950,1,1
17951,1,1
17952,0,0
17953,1,0
17954,0,0
17955,0,0
17956,0,1
17957,1,1
17958,1,1
17959,1,1
17960,0,0
17961,1,1
17962,1,1
17963,1,0
17964,1,1
17965,0,0
17966,1,0
17967,0,0
17968,1,1
17969,0,0
17970,0,0
17971,1,1
17972,0,0
17973,1,1
17974,1,1
17975,0,0
17976,0,0
17977,0,0
17978,0,0
17979,1,1
17980,1,1
17981,1,1
17982,1,1
17983,1,1
17984,0,0
17985,1,1
17986,1,1
17987,0,0
17988,0,0
17989,0,0
17990,1,1
17991,0,0
17992,0,0
17993,0,0
17994,1,1
17995,1,1
17996,0,0
17997,1,1
17998,1,1
17999,0,0
18000,0,0
